name,"identifier","num_data_bytes","data","remote_frame"
"CAN",,,,
"CAN",0x00000000000007B1,,,
"CAN",,0x0000000000000009,,
"CAN",,,,
"CAN",0x0000000000000269,,,
"CAN",,0x0000000000000006,,
"CAN",,,,
"CAN",0x0000000000000269,,,true
"CAN",,0x000000000000000B,,
"CAN",,,,
"CAN",0x0000000000000269,,,
"CAN",,0x0000000000000006,,
"CAN",,,0x97,
"CAN",0x00000000000002A4,,,
"CAN",,0x0000000000000000,,
"CAN",0x0000000000000269,,,true
"CAN",,0x000000000000000B,,
"CAN",,,,
"CAN",0x0000000000000269,,,
"CAN",,0x0000000000000006,,
"CAN",,,0x97,
"CAN",,,,
"CAN",0x0000000000000269,,,true
"CAN",,0x000000000000000B,,
"CAN",,,,
"CAN",0x0000000000000269,,,
"CAN",,0x000000000000000F,,
"CAN",,,0x39,
"CAN",,,0x32,
"CAN",,,0xA4,
"CAN",,,0x9B,
"CAN",0x0000000000000269,,,true
"CAN",,0x000000000000000B,,
"CAN",,,,
"CAN",0x0000000000000269,,,
"CAN",,0x0000000000000006,,
"CAN",,,0x97,
"CAN",0x00000000000002A4,,,
"CAN",,0x0000000000000000,,
"CAN",0x0000000000000269,,,true
"CAN",,0x000000000000000B,,
"CAN",,,,
"CAN",0x0000000000000269,,,
"CAN",,0x0000000000000006,,
"CAN",,,,
"CAN",0x0000000000000269,,,true
"CAN",,0x000000000000000B,,
"CAN",,,,
"CAN",0x0000000000000269,,,
"CAN",,0x0000000000000006,,
"CAN",,,0x97,
"CAN",,,0xE5,
"CAN",,,0x48,
"CAN",,,0x2D,
"CAN",,,0xBF,
"CAN",0x0000000000000269,,,true
"CAN",,0x000000000000000B,,
"CAN",,,,
"CAN",0x0000000000000269,,,
"CAN",,0x0000000000000006,,
"CAN",,,0x97,
"CAN",,,,
"CAN",0x0000000000000269,,,true
"CAN",,0x000000000000000B,,
"CAN",,,,
"CAN",0x0000000000000269,,,
"CAN",,0x0000000000000006,,
"CAN",,,,
"CAN",0x0000000000000269,,,true
"CAN",,0x000000000000000B,,
"CAN",,,,
"CAN",0x0000000000000269,,,
"CAN",,0x0000000000000006,,
"CAN",,,0x97,
"CAN",,,,
"CAN",0x0000000000000269,,,true
"CAN",,0x000000000000000B,,
"CAN",,,,
"CAN",0x0000000000000269,,,
"CAN",,0x0000000000000006,,
"CAN",,,,
"CAN",0x0000000000000269,,,true
"CAN",,0x000000000000000B,,
"CAN",,,,
"CAN",0x0000000000000269,,,
"CAN",,0x0000000000000007,,
"CAN",,,0x9C,
"CAN",,,0x99,
"CAN",,,0x52,
"CAN",,,0x55,
"CAN",,,0x5F,
"CAN",0x0000000000000269,,,true
"CAN",,0x000000000000000B,,
"CAN",,,,
"CAN",0x0000000000000269,,,
"CAN",,0x0000000000000006,,
"CAN",,,0x97,
"CAN",0x0000000000000269,,,true
"CAN",,0x000000000000000B,,
"CAN",,,,
"CAN",0x0000000000000269,,,
"CAN",,0x0000000000000006,,
"CAN",,,0x97,
"CAN",,,,
"CAN",0x0000000000000269,,,true
"CAN",,0x000000000000000B,,
"CAN",,,,
"CAN",0x0000000000000269,,,
"CAN",,0x0000000000000006,,
"CAN",,,,
"CAN",0x0000000000000269,,,true
"CAN",,0x000000000000000B,,
"CAN",,,,
"CAN",0x0000000000000269,,,
"CAN",,0x0000000000000006,,
"CAN",,,0x97,
"CAN",,,,
"CAN",0x0000000000000269,,,true
"CAN",,0x000000000000000B,,
"CAN",,,,
"CAN",0x0000000000000269,,,
"CAN",,0x0000000000000006,,
"CAN",,,,
"CAN",0x0000000000000269,,,true
"CAN",,0x000000000000000B,,
"CAN",,,,
"CAN",0x0000000000000269,,,
"CAN",,0x0000000000000006,,
"CAN",,,0x97,
"CAN",0x00000000000002A4,,,
"CAN",,0x0000000000000000,,
"CAN",0x0000000000000269,,,true
"CAN",,0x000000000000000B,,
"CAN",,,,
"CAN",0x0000000000000269,,,
"CAN",,0x000000000000000F,,
"CAN",,,0x39,
"CAN",,,0x32,
"CAN",,,0xA4,
"CAN",,,0xAA,
"CAN",,,0xBF,
"CAN",0x0000000000000269,,,true
"CAN",,0x000000000000000B,,
"CAN",,,,
"CAN",0x0000000000000269,,,
"CAN",,0x0000000000000006,,
"CAN",,,0x97,
"CAN",0x00000000000002A4,,,
"CAN",,0x000000000000000B,,
"CAN",,,0x2F,
"CAN",0x0000000000000269,,,true
"CAN",,0x000000000000000B,,
"CAN",,,,
"CAN",0x0000000000000269,,,
"CAN",,0x0000000000000006,,
"CAN",,,,
"CAN",0x0000000000000269,,,true
"CAN",,0x000000000000000B,,
"CAN",,,,
"CAN",0x0000000000000269,,,
"CAN",,0x0000000000000006,,
"CAN",,,0x97,
"CAN",,,,
"CAN",0x0000000000000269,,,true
"CAN",,0x000000000000000B,,
"CAN",,,,
"CAN",0x0000000000000269,,,
"CAN",,0x0000000000000006,,
"CAN",,,,
"CAN",0x0000000000000269,,,true
"CAN",,0x000000000000000B,,
"CAN",,,,
"CAN",0x0000000000000269,,,
"CAN",,0x0000000000000006,,
"CAN",,,,
"CAN",0x0000000000000269,,,true
"CAN",,0x000000000000000B,,
"CAN",,,,
"CAN",0x0000000000000269,,,
"CAN",,0x0000000000000006,,
"CAN",,,,
"CAN",0x0000000000000269,,,true
"CAN",,0x000000000000000B,,
"CAN",,,,
"CAN",0x0000000000000269,,,
"CAN",,0x0000000000000006,,
"CAN",,,,
"CAN",0x0000000000000269,,,true
"CAN",,0x000000000000000B,,
"CAN",,,,
"CAN",0x0000000000000269,,,
"CAN",,0x0000000000000006,,
"CAN",,,0x97,
"CAN",,,,
"CAN",0x0000000000000269,,,true
"CAN",,0x000000000000000B,,
"CAN",,,,
"CAN",0x0000000000000269,,,
"CAN",,0x0000000000000006,,
"CAN",,,0x97,
"CAN",,,,
"CAN",0x0000000000000269,,,true
"CAN",,0x000000000000000B,,
"CAN",,,,
"CAN",0x0000000000000269,,,
"CAN",,0x0000000000000006,,
"CAN",,,0x97,
"CAN",,,0xE5,
"CAN",,,,
"CAN",0x0000000000000269,,,true
"CAN",,0x000000000000000B,,
"CAN",,,,
"CAN",0x0000000000000269,,,
"CAN",,0x000000000000000F,,
"CAN",,,0x3F,
"CAN",,,,
"CAN",0x0000000000000269,,,true
"CAN",,0x000000000000000B,,
"CAN",,,,
"CAN",0x0000000000000269,,,
"CAN",,0x0000000000000006,,
"CAN",,,0x97,
"CAN",,,0xE5,
"CAN",,,0x48,
"CAN",,,0x2D,
"CAN",,,0xBF,
"CAN",0x0000000000000269,,,true
"CAN",,0x000000000000000B,,
"CAN",,,,
"CAN",0x0000000000000269,,,
"CAN",,0x0000000000000006,,
"CAN",,,,
"CAN",0x0000000000000269,,,true
"CAN",,0x000000000000000B,,
"CAN",,,,
"CAN",0x0000000000000269,,,
"CAN",,0x0000000000000006,,
"CAN",,,0x97,
"CAN",,,,
"CAN",0x0000000000000269,,,true
"CAN",,0x000000000000000B,,
"CAN",,,,
"CAN",0x0000000000000269,,,
"CAN",,0x0000000000000006,,
"CAN",,,0x97,
"CAN",,,,
"CAN",0x0000000000000269,,,true
"CAN",,0x000000000000000B,,
"CAN",,,,
"CAN",0x0000000000000269,,,
"CAN",,0x0000000000000006,,
"CAN",,,,
"CAN",0x0000000000000269,,,true
"CAN",,0x000000000000000B,,
"CAN",,,,
"CAN",0x0000000000000269,,,
"CAN",,0x0000000000000006,,
"CAN",,,,
"CAN",0x0000000000000269,,,true
"CAN",,0x000000000000000B,,
"CAN",,,,
"CAN",0x0000000000000269,,,
"CAN",,0x0000000000000006,,
"CAN",,,0x97,
"CAN",0x00000000000002A4,,,
"CAN",,0x000000000000000B,,
"CAN",,,0x2F,
"CAN",,,,
"CAN",0x0000000000000269,,,
"CAN",,0x0000000000000006,,
"CAN",,,0x97,
"CAN",0x00000000000002A4,,,
"CAN",,0x0000000000000000,,
"CAN",,,,
"CAN",0x0000000000000269,,,
"CAN",,0x000000000000000F,,
"CAN",,,0x3F,
"CAN",,,,
"CAN",0x0000000000000261,,,true
"CAN",,0x000000000000000B,,
"CAN",,,,
"CAN",0x0000000000000269,,,
"CAN",,0x0000000000000006,,
"CAN",,,0x97,
"CAN",,,,
"CAN",0x0000000000000269,,,true
"CAN",,0x000000000000000B,,
"CAN",,,,
"CAN",0x0000000000000269,,,
"CAN",,0x0000000000000006,,
"CAN",,,,
"CAN",0x0000000000000269,,,true
"CAN",,0x000000000000000B,,
"CAN",,,,
"CAN",0x0000000000000269,,,
"CAN",,0x0000000000000006,,
"CAN",,,0x97,
"CAN",,,,
"CAN",0x0000000000000269,,,true
"CAN",,0x000000000000000B,,
"CAN",,,,
"CAN",0x0000000000000269,,,
"CAN",,0x0000000000000006,,
"CAN",,,,
"CAN",0x0000000000000269,,,true
"CAN",,0x000000000000000B,,
"CAN",,,,
"CAN",0x0000000000000269,,,
"CAN",,0x0000000000000006,,
"CAN",,,0x97,
"CAN",,,,
"CAN",0x0000000000000269,,,true
"CAN",,0x000000000000000B,,
"CAN",,,,
"CAN",0x0000000000000269,,,
"CAN",,0x000000000000000F,,
"CAN",,,0x3F,
"CAN",,,,
"CAN",0x0000000000000269,,,true
"CAN",,0x000000000000000B,,
"CAN",,,,
"CAN",0x0000000000000269,,,
"CAN",,0x0000000000000006,,
"CAN",,,0x97,
"CAN",0x00000000000002A4,,,
"CAN",,0x0000000000000000,,
"CAN",0x0000000000000269,,,true
"CAN",,0x000000000000000B,,
"CAN",,,,
"CAN",0x0000000000000269,,,
"CAN",,0x0000000000000006,,
"CAN",,,,
"CAN",0x0000000000000269,,,true
"CAN",,0x000000000000000B,,
"CAN",,,,
"CAN",0x0000000000000269,,,
"CAN",,0x0000000000000006,,
"CAN",,,,
"CAN",0x0000000000000269,,,true
"CAN",,0x000000000000000B,,
"CAN",,,,
"CAN",0x0000000000000269,,,
"CAN",,0x000000000000000F,,
"CAN",,,0x3F,
"CAN",,,,
"CAN",0x0000000000000269,,,true
"CAN",,0x000000000000000B,,
"CAN",,,,
"CAN",0x0000000000000269,,,
"CAN",,0x0000000000000006,,
"CAN",,,,
"CAN",0x0000000000000269,,,true
"CAN",,0x000000000000000B,,
"CAN",,,,
"CAN",0x0000000000000269,,,
"CAN",,0x0000000000000006,,
"CAN",,,,
"CAN",0x0000000000000269,,,true
"CAN",,0x000000000000000B,,
"CAN",,,,
"CAN",0x0000000000000269,,,
"CAN",,0x0000000000000006,,
"CAN",,,0x97,
"CAN",,,0xE5,
"CAN",,,,
"CAN",0x0000000000000269,,,true
"CAN",,0x000000000000000B,,
"CAN",,,,
"CAN",0x0000000000000269,,,
"CAN",,0x000000000000000F,,
"CAN",,,0x3F,
"CAN",,,,
"CAN",0x0000000000000269,,,true
"CAN",,0x000000000000000B,,
"CAN",,,,
"CAN",0x0000000000000269,,,
"CAN",,0x0000000000000006,,
"CAN",,,0x97,
"CAN",,,0xD2,
"CAN",,,0xE4,
"CAN",,,0xBF,
"CAN",0x0000000000000269,,,true
"CAN",,0x000000000000000B,,
"CAN",,,,
"CAN",0x0000000000000269,,,
"CAN",,0x0000000000000006,,
"CAN",,,,
"CAN",0x0000000000000269,,,true
"CAN",,0x000000000000000B,,
"CAN",,,,
"CAN",0x0000000000000269,,,
"CAN",,0x0000000000000006,,
"CAN",,,0x97,
"CAN",,,,
"CAN",0x0000000000000269,,,true
"CAN",,0x000000000000000B,,
"CAN",,,,
"CAN",0x0000000000000269,,,
"CAN",,0x0000000000000006,,
"CAN",,,0x97,
"CAN",,,0xE5,
"CAN",,,0x48,
"CAN",,,0x2D,
"CAN",,,0xBF,
"CAN",0x0000000000000269,,,true
"CAN",,0x000000000000000B,,
"CAN",,,,
"CAN",0x0000000000000269,,,
"CAN",,0x0000000000000006,,
"CAN",,,0x97,
"CAN",,,,
"CAN",0x0000000000000269,,,true
"CAN",,0x000000000000000B,,
"CAN",,,,
"CAN",0x0000000000000269,,,
"CAN",,0x0000000000000006,,
"CAN",,,0x97,
"CAN",,,,
"CAN",0x0000000000000269,,,true
"CAN",,0x000000000000000B,,
"CAN",,,,
"CAN",0x0000000000000269,,,
"CAN",,0x0000000000000006,,
"CAN",,,0x97,
"CAN",,,,
"CAN",0x0000000000000269,,,true
"CAN",,0x000000000000000B,,
"CAN",,,,
"CAN",0x0000000000000269,,,
"CAN",,0x0000000000000006,,
"CAN",,,0x97,
"CAN",,,,
"CAN",0x0000000000000269,,,true
"CAN",,0x000000000000000B,,
"CAN",,,,
"CAN",0x0000000000000269,,,
"CAN",,0x0000000000000007,,
"CAN",,,0x9C,
"CAN",,,0xB2,
"CAN",,,0xE6,
"CAN",,,0x5D,
"CAN",,,0xEF,
"CAN",0x0000000000000269,,,true
"CAN",,0x000000000000000B,,
"CAN",,,,
"CAN",0x0000000000000269,,,
"CAN",,0x0000000000000006,,
"CAN",,,0x97,
"CAN",,,0xE5,
"CAN",,,0xCC,
"CAN",,,0x9F,
"CAN",0x0000000000000269,,,true
"CAN",,0x000000000000000B,,
"CAN",,,,
"CAN",0x0000000000000269,,,
"CAN",,0x0000000000000006,,
"CAN",,,,
"CAN",0x0000000000000269,,,true
"CAN",,0x000000000000000B,,
"CAN",,,,
"CAN",0x0000000000000269,,,
"CAN",,0x0000000000000006,,
"CAN",,,0x97,
"CAN",,,0xE5,
"CAN",,,,
"CAN",0x0000000000000269,,,true
"CAN",,0x000000000000000B,,
"CAN",,,,
"CAN",0x0000000000000269,,,
"CAN",,0x0000000000000006,,
"CAN",,,,
"CAN",0x0000000000000269,,,true
"CAN",,0x000000000000000B,,
"CAN",,,,
"CAN",0x0000000000000269,,,
"CAN",,0x0000000000000006,,
"CAN",,,0x97,
"CAN",0x00000000000002A4,,,
"CAN",,0x0000000000000000,,
"CAN",0x0000000000000269,,,true
"CAN",,0x000000000000000B,,
"CAN",,,,
"CAN",0x0000000000000269,,,
"CAN",,0x0000000000000006,,
"CAN",,,0x97,
"CAN",,,0xE5,
"CAN",,,,
"CAN",0x0000000000000269,,,true
"CAN",,0x000000000000000B,,
"CAN",,,,
"CAN",0x0000000000000269,,,
"CAN",,0x0000000000000006,,
"CAN",,,0x97,
"CAN",,,,
"CAN",0x0000000000000269,,,true
"CAN",,0x000000000000000B,,
"CAN",,,,
"CAN",0x0000000000000269,,,
"CAN",,0x000000000000000E,,
"CAN",,,0x9F,
"CAN",,,,
"CAN",0x0000000000000269,,,true
"CAN",,0x000000000000000B,,
"CAN",,,,
"CAN",0x0000000000000269,,,
"CAN",,0x0000000000000006,,
"CAN",,,,
"CAN",0x0000000000000269,,,true
"CAN",,0x000000000000000B,,
"CAN",,,,
"CAN",0x0000000000000269,,,
"CAN",,0x0000000000000006,,
"CAN",,,0x97,
"CAN",0x00000000000002A4,,,
"CAN",,0x0000000000000000,,
"CAN",0x0000000000000269,,,true
"CAN",,0x000000000000000B,,
"CAN",,,,
"CAN",0x0000000000000269,,,
"CAN",,0x0000000000000006,,
"CAN",,,0x97,
"CAN",0x00000000000002A4,,,
"CAN",,0x0000000000000000,,
"CAN",0x0000000000000269,,,true
"CAN",,0x000000000000000B,,
"CAN",,,,
"CAN",0x0000000000000269,,,
"CAN",,0x0000000000000006,,
"CAN",,,,
"CAN",0x0000000000000269,,,true
"CAN",,0x000000000000000B,,
"CAN",,,,
"CAN",0x0000000000000269,,,
"CAN",,0x0000000000000006,,
"CAN",,,,
"CAN",0x0000000000000269,,,true
"CAN",,0x000000000000000B,,
"CAN",,,,
"CAN",0x0000000000000269,,,
"CAN",,0x0000000000000006,,
"CAN",,,,
"CAN",0x0000000000000269,,,true
"CAN",,0x000000000000000B,,
"CAN",,,,
"CAN",0x0000000000000269,,,
"CAN",,0x0000000000000006,,
"CAN",,,,
"CAN",0x0000000000000269,,,true
"CAN",,0x000000000000000B,,
"CAN",,,,
"CAN",0x0000000000000269,,,
"CAN",,0x0000000000000006,,
"CAN",,,0x97,
"CAN",0x0000000000000269,,,true
"CAN",,0x000000000000000B,,
"CAN",,,,
"CAN",0x0000000000000269,,,
"CAN",,0x0000000000000006,,
"CAN",,,0x97,
"CAN",,,0xE5,
"CAN",,,,
"CAN",0x0000000000000269,,,true
"CAN",,0x000000000000000B,,
"CAN",,,,
"CAN",0x0000000000000269,,,
"CAN",,0x0000000000000006,,
"CAN",,,0x97,
"CAN",,,,
"CAN",0x0000000000000269,,,true
"CAN",,0x000000000000000B,,
"CAN",,,,
"CAN",0x0000000000000269,,,
"CAN",,0x0000000000000006,,
"CAN",,,,
"CAN",0x0000000000000269,,,true
"CAN",,0x000000000000000B,,
"CAN",,,,
"CAN",0x0000000000000269,,,
"CAN",,0x0000000000000006,,
"CAN",,,0x97,
"CAN",0x00000000000002A4,,,
"CAN",,0x0000000000000000,,
"CAN",0x0000000000000269,,,true
"CAN",,0x000000000000000B,,
"CAN",,,,
"CAN",0x0000000000000269,,,
"CAN",,0x0000000000000006,,
"CAN",,,0x97,
"CAN",0x00000000000002A4,,,
"CAN",,0x000000000000000B,,
"CAN",,,0x2F,
"CAN",0x0000000000000269,,,true
"CAN",,0x000000000000000B,,
"CAN",,,,
"CAN",0x0000000000000269,,,
"CAN",,0x0000000000000006,,
"CAN",,,0x97,
"CAN",,,0xE5,
"CAN",,,,
"CAN",0x0000000000000269,,,true
"CAN",,0x000000000000000B,,
"CAN",,,,
"CAN",0x0000000000000269,,,
"CAN",,0x0000000000000006,,
"CAN",,,0x97,
"CAN",0x00000000000002A4,,,
"CAN",,0x0000000000000000,,
"CAN",0x0000000000000269,,,true
"CAN",,0x000000000000000B,,
"CAN",,,,
"CAN",0x0000000000000269,,,
"CAN",,0x0000000000000006,,
"CAN",,,0x97,
"CAN",,,0xE5,
"CAN",,,0x48,
"CAN",,,0x2D,
"CAN",,,0xBF,
"CAN",0x0000000000000269,,,true
"CAN",,0x000000000000000B,,
"CAN",,,,
"CAN",0x0000000000000269,,,
"CAN",,0x0000000000000006,,
"CAN",,,,
"CAN",0x0000000000000269,,,true
"CAN",,0x000000000000000B,,
"CAN",,,,
"CAN",0x0000000000000269,,,
"CAN",,0x0000000000000006,,
"CAN",,,0x97,
"CAN",,,,
"CAN",0x0000000000000269,,,true
"CAN",,0x000000000000000B,,
"CAN",,,,
"CAN",0x0000000000000269,,,
"CAN",,0x0000000000000006,,
"CAN",,,0x9F,
"CAN",,,,
"CAN",,,,
"CAN",0x0000000000000269,,,
"CAN",,0x0000000000000006,,
"CAN",,,0x97,
"CAN",,,,
"CAN",,,,
"CAN",0x0000000000000269,,,
"CAN",,0x0000000000000006,,
"CAN",,,,
"CAN",0x0000000000000269,,,true
"CAN",,0x000000000000000B,,
"CAN",,,,
"CAN",0x0000000000000269,,,
"CAN",,0x0000000000000006,,
"CAN",,,0x97,
"CAN",0x00000000000002A4,,,
"CAN",,0x0000000000000000,,
"CAN",0x0000000000000269,,,true
"CAN",,0x000000000000000B,,
"CAN",,,,
"CAN",0x0000000000000269,,,
"CAN",,0x0000000000000006,,
"CAN",,,0x97,
"CAN",0x0000000000000264,,,
"CAN",,0x000000000000000A,,
"CAN",,,0x3F,
"CAN",0x0000000000000269,,,true
"CAN",,0x000000000000000B,,
"CAN",,,,
"CAN",0x0000000000000269,,,
"CAN",,0x0000000000000006,,
"CAN",,,,
"CAN",0x0000000000000269,,,true
"CAN",,0x000000000000000B,,
"CAN",,,,
"CAN",0x0000000000000269,,,
"CAN",,0x000000000000000F,,
"CAN",,,0x3F,
"CAN",,,,
"CAN",0x0000000000000269,,,true
"CAN",,0x000000000000000B,,
"CAN",,,,
"CAN",0x0000000000000269,,,
"CAN",,0x0000000000000006,,
"CAN",,,,
"CAN",0x0000000000000269,,,true
"CAN",,0x000000000000000B,,
"CAN",,,,
"CAN",0x0000000000000269,,,
"CAN",,0x0000000000000006,,
"CAN",,,,
"CAN",0x0000000000000269,,,true
"CAN",,0x000000000000000B,,
"CAN",,,,
"CAN",0x0000000000000269,,,
"CAN",,0x0000000000000006,,
"CAN",,,0x97,
"CAN",,,0xE4,
"CAN",,,0xC8,
"CAN",,,0x14,
"CAN",,,0xBF,
"CAN",0x0000000000000269,,,true
"CAN",,0x000000000000000B,,
"CAN",,,,
"CAN",0x0000000000000269,,,
"CAN",,0x0000000000000006,,
"CAN",,,,
"CAN",0x0000000000000269,,,true
"CAN",,0x000000000000000B,,
"CAN",,,,
"CAN",0x0000000000000269,,,
"CAN",,0x0000000000000006,,
"CAN",,,,
"CAN",0x0000000000000269,,,true
"CAN",,0x000000000000000B,,
"CAN",,,,
"CAN",0x0000000000000269,,,
"CAN",,0x0000000000000006,,
"CAN",,,0x97,
"CAN",,,,
"CAN",0x0000000000000269,,,true
"CAN",,0x000000000000000B,,
"CAN",,,,
"CAN",0x0000000000000269,,,
"CAN",,0x0000000000000006,,
"CAN",,,0x97,
"CAN",,,,
"CAN",0x0000000000000269,,,true
"CAN",,0x000000000000000B,,
"CAN",,,,
"CAN",0x0000000000000269,,,
"CAN",,0x000000000000000F,,
"CAN",,,0x3F,
"CAN",,,,
"CAN",0x0000000000000269,,,true
"CAN",,0x000000000000000B,,
"CAN",,,,
"CAN",0x0000000000000269,,,
"CAN",,0x0000000000000006,,
"CAN",,,0x97,
"CAN",,,0xD2,
"CAN",,,0xE4,
"CAN",,,0xBF,
"CAN",0x0000000000000269,,,true
"CAN",,0x000000000000000B,,
"CAN",,,,
"CAN",0x0000000000000269,,,
"CAN",,0x0000000000000006,,
"CAN",,,,
"CAN",0x0000000000000269,,,true
"CAN",,0x000000000000000B,,
"CAN",,,,
"CAN",0x0000000000000269,,,
"CAN",,0x0000000000000006,,
"CAN",,,,
"CAN",0x0000000000000269,,,true
"CAN",,0x000000000000000B,,
"CAN",,,,
"CAN",0x0000000000000269,,,
"CAN",,0x0000000000000006,,
"CAN",,,,
"CAN",0x0000000000000269,,,true
"CAN",,0x000000000000000B,,
"CAN",,,,
"CAN",0x0000000000000269,,,
"CAN",,0x0000000000000006,,
"CAN",,,0x97,
"CAN",,,0xD2,
"CAN",,,0xA4,
"CAN",,,0x97,
"CAN",,,0xFF,
"CAN",0x0000000000000269,,,true
"CAN",,0x000000000000000B,,
"CAN",,,,
"CAN",0x0000000000000269,,,
"CAN",,0x0000000000000006,,
"CAN",,,0x97,
"CAN",,,,
"CAN",0x0000000000000269,,,true
"CAN",,0x000000000000000B,,
"CAN",,,,
"CAN",0x0000000000000269,,,
"CAN",,0x0000000000000006,,
"CAN",,,,
"CAN",0x0000000000000269,,,true
"CAN",,0x000000000000000B,,
"CAN",,,,
"CAN",0x0000000000000269,,,
"CAN",,0x000000000000000F,,
"CAN",,,0x3F,
"CAN",,,,
"CAN",0x0000000000000269,,,true
"CAN",,0x000000000000000B,,
"CAN",,,,
"CAN",0x0000000000000269,,,
"CAN",,0x0000000000000006,,
"CAN",,,,
"CAN",0x0000000000000269,,,true
"CAN",,0x000000000000000B,,
"CAN",,,,
"CAN",0x0000000000000269,,,
"CAN",,0x0000000000000006,,
"CAN",,,,
"CAN",0x0000000000000269,,,true
"CAN",,0x000000000000000B,,
"CAN",,,,
"CAN",0x0000000000000269,,,
"CAN",,0x0000000000000006,,
"CAN",,,0x97,
"CAN",,,,
"CAN",0x0000000000000269,,,true
"CAN",,0x000000000000000B,,
"CAN",,,,
"CAN",0x0000000000000269,,,
"CAN",,0x0000000000000006,,
"CAN",,,,
"CAN",0x0000000000000269,,,true
"CAN",,0x000000000000000B,,
"CAN",,,,
"CAN",0x0000000000000269,,,
"CAN",,0x0000000000000006,,
"CAN",,,,
"CAN",0x0000000000000269,,,true
"CAN",,0x000000000000000B,,
"CAN",,,,
"CAN",0x0000000000000269,,,
"CAN",,0x0000000000000006,,
"CAN",,,,
"CAN",0x0000000000000269,,,true
"CAN",,0x000000000000000B,,
"CAN",,,,
"CAN",0x0000000000000269,,,
"CAN",,0x0000000000000006,,
"CAN",,,,
"CAN",0x0000000000000269,,,true
"CAN",,0x000000000000000B,,
"CAN",,,,
"CAN",0x0000000000000269,,,
"CAN",,0x0000000000000006,,
"CAN",,,,
"CAN",0x0000000000000269,,,true
"CAN",,0x000000000000000B,,
"CAN",,,,
"CAN",0x0000000000000269,,,
"CAN",,0x0000000000000007,,
"CAN",,,0x9F,
"CAN",,,,
"CAN",0x0000000000000269,,,true
"CAN",,0x000000000000000B,,
"CAN",,,,
"CAN",0x0000000000000269,,,
"CAN",,0x0000000000000006,,
"CAN",,,0x97,
"CAN",,,0xE5,
"CAN",,,0x4C,
"CAN",,,0x9C,
"CAN",,,0xAF,
"CAN",0x0000000000000269,,,true
"CAN",,0x000000000000000B,,
"CAN",,,,
"CAN",0x0000000000000269,,,
"CAN",,0x0000000000000006,,
"CAN",,,,
"CAN",0x0000000000000269,,,true
"CAN",,0x000000000000000B,,
"CAN",,,,
"CAN",0x0000000000000269,,,
"CAN",,0x0000000000000006,,
"CAN",,,0x97,
"CAN",,,,
"CAN",0x0000000000000269,,,true
"CAN",,0x000000000000000B,,
"CAN",,,,
"CAN",0x0000000000000269,,,
"CAN",,0x0000000000000006,,
"CAN",,,0x97,
"CAN",,,0xE5,
"CAN",,,,
"CAN",0x0000000000000269,,,true
"CAN",,0x000000000000000B,,
"CAN",,,,
"CAN",0x0000000000000269,,,
"CAN",,0x0000000000000006,,
"CAN",,,,
"CAN",0x0000000000000269,,,true
"CAN",,0x000000000000000B,,
"CAN",,,,
"CAN",0x0000000000000269,,,
"CAN",,0x0000000000000006,,
"CAN",,,0x97,
"CAN",0x00000000000002A4,,,
"CAN",,0x0000000000000000,,
"CAN",0x0000000000000269,,,true
"CAN",,0x000000000000000B,,
"CAN",,,,
"CAN",0x0000000000000269,,,
"CAN",,0x0000000000000006,,
"CAN",,,0x97,
"CAN",0x00000000000002A4,,,
"CAN",,0x0000000000000000,,
"CAN",0x0000000000000269,,,true
"CAN",,0x000000000000000B,,
"CAN",,,,
"CAN",0x0000000000000269,,,
"CAN",,0x0000000000000006,,
"CAN",,,0x97,
"CAN",,,,
"CAN",0x0000000000000269,,,true
"CAN",,0x000000000000000B,,
"CAN",,,,
"CAN",0x0000000000000269,,,
"CAN",,0x0000000000000006,,
"CAN",,,,
"CAN",0x0000000000000269,,,true
"CAN",,0x000000000000000B,,
"CAN",,,,
"CAN",0x0000000000000269,,,
"CAN",,0x0000000000000006,,
"CAN",,,,
"CAN",0x0000000000000269,,,true
"CAN",,0x000000000000000B,,
"CAN",,,,
"CAN",0x0000000000000269,,,
"CAN",,0x0000000000000006,,
"CAN",,,,
"CAN",0x0000000000000269,,,true
"CAN",,0x000000000000000B,,
"CAN",,,,
"CAN",0x0000000000000269,,,
"CAN",,0x0000000000000006,,
"CAN",,,0x97,
"CAN",,,0xE5,
"CAN",,,,
"CAN",0x0000000000000269,,,true
"CAN",,0x000000000000000B,,
"CAN",,,,
"CAN",0x0000000000000269,,,
"CAN",,0x0000000000000006,,
"CAN",,,0x97,
"CAN",,,,
"CAN",0x0000000000000269,,,true
"CAN",,0x000000000000000B,,
"CAN",,,,
"CAN",0x0000000000000269,,,
"CAN",,0x0000000000000006,,
"CAN",,,0x97,
"CAN",,,,
"CAN",0x0000000000000269,,,true
"CAN",,0x000000000000000B,,
"CAN",,,,
"CAN",0x0000000000000269,,,
"CAN",,0x0000000000000006,,
"CAN",,,0x97,
"CAN",,,0xE5,
"CAN",,,0x48,
"CAN",,,0x2D,
"CAN",,,0xBF,
"CAN",0x0000000000000269,,,true
"CAN",,0x000000000000000B,,
"CAN",,,,
"CAN",0x0000000000000269,,,
"CAN",,0x0000000000000006,,
"CAN",,,,
"CAN",0x0000000000000269,,,true
"CAN",,0x000000000000000B,,
"CAN",,,,
"CAN",0x0000000000000269,,,
"CAN",,0x0000000000000006,,
"CAN",,,0x97,
"CAN",,,,
"CAN",0x0000000000000269,,,true
"CAN",,0x000000000000000B,,
"CAN",,,,
"CAN",0x0000000000000269,,,
"CAN",,0x0000000000000006,,
"CAN",,,,
"CAN",0x0000000000000269,,,true
"CAN",,0x000000000000000B,,
"CAN",,,,
"CAN",0x0000000000000269,,,
"CAN",,0x0000000000000006,,
"CAN",,,,
"CAN",0x0000000000000269,,,true
"CAN",,0x000000000000000B,,
"CAN",,,,
"CAN",0x0000000000000269,,,
"CAN",,0x0000000000000006,,
"CAN",,,0x97,
"CAN",,,,
"CAN",0x0000000000000269,,,true
"CAN",,0x000000000000000B,,
"CAN",,,,
"CAN",0x0000000000000269,,,
"CAN",,0x0000000000000006,,
"CAN",,,,
"CAN",0x0000000000000261,,,true
"CAN",,0x000000000000000B,,
"CAN",,,,
"CAN",0x0000000000000269,,,
"CAN",,0x0000000000000006,,
"CAN",,,,
"CAN",0x0000000000000261,,,true
"CAN",,0x000000000000000B,,
"CAN",,,,
"CAN",0x0000000000000269,,,
"CAN",,0x0000000000000006,,
"CAN",,,,
"CAN",0x0000000000000269,,,true
"CAN",,0x000000000000000B,,
"CAN",,,,
"CAN",0x0000000000000269,,,
"CAN",,0x0000000000000006,,
"CAN",,,0x97,
"CAN",0x0000000000000264,,,
"CAN",,0x000000000000000A,,
"CAN",,,0x3F,
"CAN",0x0000000000000269,,,true
"CAN",,0x000000000000000B,,
"CAN",,,,
"CAN",0x0000000000000269,,,
"CAN",,0x0000000000000007,,
"CAN",,,0x9F,
"CAN",,,,
"CAN",0x0000000000000269,,,true
"CAN",,0x000000000000000B,,
"CAN",,,,
"CAN",0x0000000000000269,,,
"CAN",,0x0000000000000006,,
"CAN",,,0x97,
"CAN",,,0xE5,
"CAN",,,0xCC,
"CAN",,,0x9F,
"CAN",0x0000000000000269,,,true
"CAN",,0x000000000000000B,,
"CAN",,,,
"CAN",0x0000000000000269,,,
"CAN",,0x0000000000000006,,
"CAN",,,0x97,
"CAN",0x00000000000002A4,,,
"CAN",,0x0000000000000000,,
"CAN",0x0000000000000269,,,true
"CAN",,0x000000000000000B,,
"CAN",,,,
"CAN",0x0000000000000269,,,
"CAN",,0x0000000000000006,,
"CAN",,,,
"CAN",0x0000000000000269,,,true
"CAN",,0x000000000000000B,,
"CAN",,,,
"CAN",0x0000000000000269,,,
"CAN",,0x0000000000000006,,
"CAN",,,,
"CAN",0x0000000000000269,,,true
"CAN",,0x000000000000000B,,
"CAN",,,,
"CAN",0x0000000000000269,,,
"CAN",,0x0000000000000006,,
"CAN",,,0x97,
"CAN",,,,
"CAN",0x0000000000000269,,,true
"CAN",,0x000000000000000B,,
"CAN",,,,
"CAN",0x0000000000000269,,,
"CAN",,0x0000000000000006,,
"CAN",,,0x97,
"CAN",,,0xE5,
"CAN",,,0xC8,
"CAN",,,0x20,
"CAN",0x0000000000000269,,,true
"CAN",,0x000000000000000B,,
"CAN",,,,
"CAN",0x0000000000000269,,,
"CAN",,0x0000000000000006,,
"CAN",,,0x97,
"CAN",,,,
"CAN",0x0000000000000269,,,true
"CAN",,0x000000000000000B,,
"CAN",,,,
"CAN",0x0000000000000269,,,
"CAN",,0x0000000000000006,,
"CAN",,,0x9F,
"CAN",,,,
"CAN",0x0000000000000269,,,true
"CAN",,0x000000000000000B,,
"CAN",,,,
"CAN",0x0000000000000269,,,
"CAN",,0x0000000000000006,,
"CAN",,,0x97,
"CAN",0x00000000000002A4,,,
"CAN",,0x0000000000000003,,
"CAN",,,0xFF,
"CAN",,,,
"CAN",0x0000000000000269,,,
"CAN",,0x0000000000000006,,
"CAN",,,,
"CAN",0x0000000000000269,,,true
"CAN",,0x000000000000000B,,
"CAN",,,,
"CAN",0x0000000000000269,,,
"CAN",,0x0000000000000006,,
"CAN",,,0x97,
"CAN",0x0000000000000264,,,
"CAN",,0x000000000000000A,,
"CAN",,,0x3F,
"CAN",0x0000000000000269,,,true
"CAN",,0x000000000000000B,,
"CAN",,,,
"CAN",0x0000000000000269,,,
"CAN",,0x0000000000000006,,
"CAN",,,0x97,
"CAN",0x00000000000002A4,,,
"CAN",,0x000000000000000B,,
"CAN",,,0x2F,
"CAN",,,,
"CAN",0x0000000000000269,,,
"CAN",,0x0000000000000006,,
"CAN",,,,
"CAN",0x0000000000000261,,,true
"CAN",,0x000000000000000B,,
"CAN",,,,
"CAN",0x0000000000000269,,,
"CAN",,0x0000000000000006,,
"CAN",,,0x97,
"CAN",0x00000000000002A4,,,
"CAN",,0x0000000000000000,,
"CAN",0x0000000000000269,,,true
"CAN",,0x000000000000000B,,
"CAN",,,,
"CAN",0x0000000000000269,,,
"CAN",,0x0000000000000006,,
"CAN",,,0x97,
"CAN",,,,
"CAN",,,,
"CAN",0x0000000000000269,,,
"CAN",,0x0000000000000006,,
"CAN",,,0x97,
"CAN",0x00000000000002A4,,,
"CAN",,0x0000000000000000,,
"CAN",0x0000000000000261,,,true
"CAN",,0x000000000000000B,,
"CAN",,,,
"CAN",0x0000000000000269,,,
"CAN",,0x0000000000000007,,
"CAN",,,0x9C,
"CAN",,,0x99,
"CAN",,,0x72,
"CAN",,,0x4D,
"CAN",,,0x9F,
"CAN",0x0000000000000269,,,true
"CAN",,0x000000000000000B,,
"CAN",,,,
"CAN",0x0000000000000269,,,
"CAN",,0x0000000000000006,,
"CAN",,,0x97,
"CAN",,,0xE5,
"CAN",,,0x48,
"CAN",,,0x2D,
"CAN",,,0xBF,
"CAN",0x0000000000000269,,,true
"CAN",,0x000000000000000B,,
"CAN",,,,
"CAN",0x0000000000000269,,,
"CAN",,0x0000000000000006,,
"CAN",,,0x97,
"CAN",,,,
"CAN",0x0000000000000269,,,true
"CAN",,0x000000000000000B,,
"CAN",,,,
"CAN",0x0000000000000269,,,
"CAN",,0x000000000000000F,,
"CAN",,,0x3F,
"CAN",,,,
"CAN",0x0000000000000269,,,true
"CAN",,0x000000000000000B,,
"CAN",,,,
"CAN",0x0000000000000269,,,
"CAN",,0x0000000000000006,,
"CAN",,,0x97,
"CAN",,,,
"CAN",0x0000000000000269,,,true
"CAN",,0x000000000000000B,,
"CAN",,,,
"CAN",0x0000000000000269,,,
"CAN",,0x0000000000000006,,
"CAN",,,0x97,
"CAN",,,0xE5,
"CAN",,,,
"CAN",0x0000000000000269,,,true
"CAN",,0x000000000000000B,,
"CAN",,,,
"CAN",0x0000000000000269,,,
"CAN",,0x0000000000000006,,
"CAN",,,0x97,
"CAN",0x00000000000002A4,,,
"CAN",,0x0000000000000000,,
"CAN",0x0000000000000269,,,true
"CAN",,0x000000000000000B,,
"CAN",,,,
"CAN",0x0000000000000269,,,
"CAN",,0x000000000000000F,,
"CAN",,,0x3F,
"CAN",,,,
"CAN",0x0000000000000269,,,true
"CAN",,0x000000000000000B,,
"CAN",,,,
"CAN",0x0000000000000269,,,
"CAN",,0x0000000000000006,,
"CAN",,,0x97,
"CAN",,,0xE5,
"CAN",,,0x48,
"CAN",,,0x2D,
"CAN",,,0xBF,
"CAN",0x0000000000000269,,,true
"CAN",,0x000000000000000B,,
"CAN",,,,
"CAN",0x0000000000000269,,,
"CAN",,0x0000000000000006,,
"CAN",,,,
"CAN",0x0000000000000269,,,true
"CAN",,0x000000000000000B,,
"CAN",,,,
"CAN",0x0000000000000269,,,
"CAN",,0x0000000000000006,,
"CAN",,,,
"CAN",0x0000000000000269,,,true
"CAN",,0x000000000000000B,,
"CAN",,,,
"CAN",0x0000000000000269,,,
"CAN",,0x000000000000000F,,
"CAN",,,0x3F,
"CAN",,,,
"CAN",0x0000000000000269,,,true
"CAN",,0x000000000000000B,,
"CAN",,,,
"CAN",0x0000000000000269,,,
"CAN",,0x0000000000000006,,
"CAN",,,0x9F,
"CAN",0x00000000000004B9,,,
"CAN",,0x0000000000000007,,
"CAN",,,0xEB,
"CAN",0x0000000000000269,,,true
"CAN",,0x000000000000000B,,
"CAN",,,,
"CAN",0x0000000000000269,,,
"CAN",,0x0000000000000006,,
"CAN",,,0x97,
"CAN",0x0000000000000269,,,true
"CAN",,0x000000000000000B,,
"CAN",,,,
"CAN",0x0000000000000269,,,
"CAN",,0x0000000000000006,,
"CAN",,,0x97,
"CAN",,,,
"CAN",0x0000000000000269,,,true
"CAN",,0x000000000000000B,,
"CAN",,,,
"CAN",0x0000000000000269,,,
"CAN",,0x0000000000000006,,
"CAN",,,,
"CAN",0x0000000000000269,,,true
"CAN",,0x000000000000000B,,
"CAN",,,,
"CAN",0x0000000000000269,,,
"CAN",,0x0000000000000006,,
"CAN",,,0x97,
"CAN",,,0xD2,
"CAN",,,0x24,
"CAN",,,0x97,
"CAN",,,0xFF,
"CAN",0x0000000000000269,,,true
"CAN",,0x000000000000000B,,
"CAN",,,,
"CAN",0x0000000000000269,,,
"CAN",,0x0000000000000006,,
"CAN",,,0x97,
"CAN",,,,
"CAN",0x0000000000000269,,,true
"CAN",,0x000000000000000B,,
"CAN",,,,
"CAN",0x0000000000000269,,,
"CAN",,0x0000000000000006,,
"CAN",,,0x97,
"CAN",0x00000000000002A4,,,
"CAN",,0x0000000000000000,,
"CAN",0x0000000000000269,,,true
"CAN",,0x000000000000000B,,
"CAN",,,,
"CAN",0x0000000000000269,,,
"CAN",,0x0000000000000006,,
"CAN",,,0x97,
"CAN",,,0xE5,
"CAN",,,0xC8,
"CAN",,,0x20,
"CAN",0x0000000000000269,,,true
"CAN",,0x000000000000000B,,
"CAN",,,,
"CAN",0x0000000000000269,,,
"CAN",,0x0000000000000006,,
"CAN",,,0x97,
"CAN",0x00000000000002A4,,,
"CAN",,0x0000000000000000,,
"CAN",0x0000000000000269,,,true
"CAN",,0x000000000000000B,,
"CAN",,,,
"CAN",0x0000000000000269,,,
"CAN",,0x0000000000000006,,
"CAN",,,0x97,
"CAN",,,,
"CAN",0x0000000000000269,,,true
"CAN",,0x000000000000000B,,
"CAN",,,,
"CAN",0x0000000000000269,,,
"CAN",,0x0000000000000006,,
"CAN",,,,
"CAN",0x0000000000000269,,,true
"CAN",,0x000000000000000B,,
"CAN",,,,
"CAN",0x0000000000000269,,,
"CAN",,0x0000000000000006,,
"CAN",,,0x97,
"CAN",0x00000000000002A4,,,
"CAN",,0x0000000000000000,,
"CAN",0x0000000000000269,,,true
"CAN",,0x000000000000000B,,
"CAN",,,,
"CAN",0x0000000000000269,,,
"CAN",,0x0000000000000006,,
"CAN",,,,
"CAN",0x0000000000000269,,,true
"CAN",,0x000000000000000B,,
"CAN",,,,
"CAN",0x0000000000000269,,,
"CAN",,0x0000000000000006,,
"CAN",,,,
"CAN",0x0000000000000269,,,true
"CAN",,0x000000000000000B,,
"CAN",,,,
"CAN",0x0000000000000269,,,
"CAN",,0x0000000000000006,,
"CAN",,,0x97,
"CAN",,,,
"CAN",0x0000000000000269,,,true
"CAN",,0x000000000000000B,,
"CAN",,,,
"CAN",0x0000000000000269,,,
"CAN",,0x0000000000000006,,
"CAN",,,,
"CAN",0x0000000000000269,,,true
"CAN",,0x000000000000000B,,
"CAN",,,,
"CAN",0x0000000000000269,,,
"CAN",,0x000000000000000F,,
"CAN",,,0x39,
"CAN",,,0x32,
"CAN",,,0xA4,
"CAN",,,0xAA,
"CAN",,,0xBF,
"CAN",0x0000000000000269,,,true
"CAN",,0x000000000000000B,,
"CAN",,,,
"CAN",0x0000000000000269,,,
"CAN",,0x0000000000000006,,
"CAN",,,,
"CAN",0x0000000000000269,,,true
"CAN",,0x000000000000000B,,
"CAN",,,,
"CAN",0x0000000000000269,,,
"CAN",,0x0000000000000006,,
"CAN",,,0x97,
"CAN",,,0xE5,
"CAN",,,0x48,
"CAN",,,0x2D,
"CAN",,,0xBF,
"CAN",0x0000000000000269,,,true
"CAN",,0x000000000000000B,,
"CAN",,,,
"CAN",0x0000000000000269,,,
"CAN",,0x0000000000000006,,
"CAN",,,,
"CAN",0x0000000000000269,,,true
"CAN",,0x000000000000000B,,
"CAN",,,,
"CAN",0x0000000000000269,,,
"CAN",,0x0000000000000006,,
"CAN",,,0x97,
"CAN",,,,
"CAN",0x0000000000000269,,,true
"CAN",,0x000000000000000B,,
"CAN",,,,
"CAN",0x0000000000000269,,,
"CAN",,0x0000000000000006,,
"CAN",,,,
"CAN",0x0000000000000269,,,true
"CAN",,0x000000000000000B,,
"CAN",,,,
"CAN",0x0000000000000269,,,
"CAN",,0x0000000000000006,,
"CAN",,,0x97,
"CAN",,,,
"CAN",0x0000000000000269,,,true
"CAN",,0x000000000000000B,,
"CAN",,,,
"CAN",0x0000000000000269,,,
"CAN",,0x0000000000000006,,
"CAN",,,0x97,
"CAN",,,,
"CAN",0x0000000000000269,,,true
"CAN",,0x000000000000000B,,
"CAN",,,,
"CAN",0x0000000000000269,,,
"CAN",,0x0000000000000006,,
"CAN",,,,
"CAN",0x0000000000000269,,,true
"CAN",,0x000000000000000B,,
"CAN",,,,
"CAN",0x0000000000000269,,,
"CAN",,0x0000000000000006,,
"CAN",,,0x97,
"CAN",,,,
"CAN",0x0000000000000269,,,true
"CAN",,0x000000000000000B,,
"CAN",,,,
"CAN",0x0000000000000269,,,
"CAN",,0x0000000000000006,,
"CAN",,,0x97,
"CAN",,,0xE4,
"CAN",,,0xC8,
"CAN",,,0x14,
"CAN",,,0xBF,
"CAN",0x0000000000000269,,,true
"CAN",,0x000000000000000B,,
"CAN",,,,
"CAN",0x0000000000000269,,,
"CAN",,0x0000000000000006,,
"CAN",,,0x97,
"CAN",0x00000000000002A4,,,
"CAN",,0x0000000000000000,,
"CAN",0x0000000000000269,,,true
"CAN",,0x000000000000000B,,
"CAN",,,,
"CAN",0x0000000000000269,,,
"CAN",,0x0000000000000006,,
"CAN",,,0x97,
"CAN",,,,
"CAN",0x0000000000000269,,,true
"CAN",,0x000000000000000B,,
"CAN",,,,
"CAN",0x0000000000000269,,,
"CAN",,0x0000000000000006,,
"CAN",,,,
"CAN",0x0000000000000269,,,true
"CAN",,0x000000000000000B,,
"CAN",,,,
"CAN",0x0000000000000269,,,
"CAN",,0x0000000000000006,,
"CAN",,,,
"CAN",0x0000000000000269,,,true
"CAN",,0x000000000000000B,,
"CAN",,,,
"CAN",0x0000000000000269,,,
"CAN",,0x0000000000000006,,
"CAN",,,0x97,
"CAN",0x00000000000002A4,,,
"CAN",,0x0000000000000000,,
"CAN",0x0000000000000269,,,true
"CAN",,0x000000000000000B,,
"CAN",,,,
"CAN",0x0000000000000269,,,
"CAN",,0x0000000000000006,,
"CAN",,,0x97,
"CAN",0x00000000000002A4,,,
"CAN",,0x0000000000000000,,
"CAN",0x0000000000000269,,,true
"CAN",,0x000000000000000B,,
"CAN",,,,
"CAN",0x0000000000000269,,,
"CAN",,0x0000000000000006,,
"CAN",,,,
"CAN",,,,
"CAN",0x0000000000000269,,,
"CAN",,0x0000000000000006,,
"CAN",,,0x97,
"CAN",,,0xE5,
"CAN",,,,
"CAN",,,,
"CAN",0x0000000000000269,,,
"CAN",,0x000000000000000F,,
"CAN",,,0x3F,
"CAN",,,,
"CAN",0x0000000000000261,,,true
"CAN",,0x000000000000000B,,
"CAN",,,,
"CAN",0x0000000000000269,,,
"CAN",,0x0000000000000006,,
"CAN",,,,
"CAN",0x0000000000000269,,,true
"CAN",,0x000000000000000B,,
"CAN",,,,
"CAN",0x0000000000000269,,,
"CAN",,0x0000000000000006,,
"CAN",,,,
"CAN",0x0000000000000269,,,true
"CAN",,0x000000000000000B,,
"CAN",,,,
"CAN",0x0000000000000269,,,
"CAN",,0x0000000000000006,,
"CAN",,,0x97,
"CAN",,,,
"CAN",0x0000000000000269,,,true
"CAN",,0x000000000000000B,,
"CAN",,,,
"CAN",0x0000000000000269,,,
"CAN",,0x0000000000000006,,
"CAN",,,0x97,
"CAN",0x00000000000002A4,,,
"CAN",,0x0000000000000000,,
"CAN",0x0000000000000269,,,true
"CAN",,0x000000000000000B,,
"CAN",,,,
"CAN",0x0000000000000269,,,
"CAN",,0x0000000000000006,,
"CAN",,,0x97,
"CAN",0x00000000000002A4,,,
"CAN",,0x0000000000000000,,
"CAN",0x0000000000000269,,,true
"CAN",,0x000000000000000B,,
"CAN",,,,
"CAN",0x0000000000000269,,,
"CAN",,0x0000000000000007,,
"CAN",,,0x9F,
"CAN",,,,
"CAN",0x0000000000000269,,,true
"CAN",,0x000000000000000B,,
"CAN",,,,
"CAN",0x0000000000000269,,,
"CAN",,0x0000000000000006,,
"CAN",,,0x97,
"CAN",0x0000000000000269,,,true
"CAN",,0x000000000000000B,,
"CAN",,,,
"CAN",0x0000000000000269,,,
"CAN",,0x0000000000000006,,
"CAN",,,,
"CAN",0x0000000000000269,,,true
"CAN",,0x000000000000000B,,
"CAN",,,,
"CAN",0x0000000000000269,,,
"CAN",,0x0000000000000006,,
"CAN",,,0x97,
"CAN",,,,
"CAN",0x0000000000000269,,,true
"CAN",,0x000000000000000B,,
"CAN",,,,
"CAN",0x0000000000000269,,,
"CAN",,0x000000000000000F,,
"CAN",,,0x39,
"CAN",,,0x65,
"CAN",,,0xCC,
"CAN",,,0xBB,
"CAN",,,0xDF,
"CAN",0x0000000000000269,,,true
"CAN",,0x000000000000000B,,
"CAN",,,,
"CAN",0x0000000000000269,,,
"CAN",,0x0000000000000006,,
"CAN",,,0x97,
"CAN",0x0000000000000264,,,
"CAN",,0x000000000000000A,,
"CAN",,,0x3F,
"CAN",0x0000000000000269,,,true
"CAN",,0x000000000000000B,,
"CAN",,,,
"CAN",0x0000000000000269,,,
"CAN",,0x0000000000000006,,
"CAN",,,0x97,
"CAN",,,,
"CAN",0x0000000000000269,,,true
"CAN",,0x000000000000000B,,
"CAN",,,,
"CAN",0x0000000000000269,,,
"CAN",,0x0000000000000006,,
"CAN",,,0x97,
"CAN",,,0xE4,
"CAN",,,,
"CAN",0x0000000000000269,,,true
"CAN",,0x000000000000000B,,
"CAN",,,,
"CAN",0x0000000000000269,,,
"CAN",,0x0000000000000006,,
"CAN",,,,
"CAN",0x0000000000000269,,,true
"CAN",,0x000000000000000B,,
"CAN",,,,
"CAN",0x0000000000000269,,,
"CAN",,0x000000000000000F,,
"CAN",,,0x3F,
"CAN",,,,
"CAN",0x0000000000000269,,,true
"CAN",,0x000000000000000B,,
"CAN",,,,
"CAN",0x0000000000000269,,,
"CAN",,0x0000000000000006,,
"CAN",,,0x97,
"CAN",,,,
"CAN",0x0000000000000269,,,true
"CAN",,0x000000000000000B,,
"CAN",,,,
"CAN",0x0000000000000269,,,
"CAN",,0x0000000000000006,,
"CAN",,,,
"CAN",0x0000000000000269,,,true
"CAN",,0x000000000000000B,,
"CAN",,,,
"CAN",0x0000000000000269,,,
"CAN",,0x0000000000000006,,
"CAN",,,,
"CAN",0x0000000000000269,,,true
"CAN",,0x000000000000000B,,
"CAN",,,,
"CAN",0x0000000000000269,,,
"CAN",,0x000000000000000E,,
"CAN",,,0x9F,
"CAN",,,,
"CAN",0x0000000000000269,,,true
"CAN",,0x000000000000000B,,
"CAN",,,,
"CAN",0x0000000000000269,,,
"CAN",,0x0000000000000006,,
"CAN",,,,
"CAN",0x0000000000000269,,,true
"CAN",,0x000000000000000B,,
"CAN",,,,
"CAN",0x0000000000000269,,,
"CAN",,0x0000000000000006,,
"CAN",,,,
"CAN",0x0000000000000269,,,true
"CAN",,0x000000000000000B,,
"CAN",,,,
"CAN",0x0000000000000269,,,
"CAN",,0x000000000000000F,,
"CAN",,,0x39,
"CAN",,,0x32,
"CAN",,,0xE4,
"CAN",,,0x97,
"CAN",0x0000000000000269,,,true
"CAN",,0x000000000000000B,,
"CAN",,,,
"CAN",0x0000000000000269,,,
"CAN",,0x0000000000000006,,
"CAN",,,0x9F,
"CAN",,,,
"CAN",0x0000000000000269,,,true
"CAN",,0x000000000000000B,,
"CAN",,,,
"CAN",0x0000000000000269,,,
"CAN",,0x0000000000000006,,
"CAN",,,,
"CAN",0x0000000000000269,,,true
"CAN",,0x000000000000000B,,
"CAN",,,,
"CAN",0x0000000000000269,,,
"CAN",,0x0000000000000006,,
"CAN",,,0x97,
"CAN",,,,
"CAN",0x0000000000000269,,,true
"CAN",,0x000000000000000B,,
"CAN",,,,
"CAN",0x0000000000000269,,,
"CAN",,0x0000000000000006,,
"CAN",,,,
"CAN",0x0000000000000269,,,true
"CAN",,0x000000000000000B,,
"CAN",,,,
"CAN",0x0000000000000269,,,
"CAN",,0x0000000000000006,,
"CAN",,,0x97,
"CAN",,,,
"CAN",0x0000000000000269,,,true
"CAN",,0x000000000000000B,,
"CAN",,,,
"CAN",0x0000000000000269,,,
"CAN",,0x0000000000000006,,
"CAN",,,0x97,
"CAN",0x00000000000002A4,,,
"CAN",,0x0000000000000000,,
"CAN",0x000000000000026A,,,
"CAN",,0x000000000000000F,,
"CAN",,,0x7D,
"CAN",,,0xCD,
"CAN",0x0000000000000269,,,
"CAN",,0x0000000000000006,,
"CAN",,,,
"CAN",0x0000000000000269,,,
"CAN",,0x0000000000000006,,
"CAN",,,0x97,
"CAN",0x00000000000002E4,,,
"CAN",,0x0000000000000003,,
"CAN",,,0xFF,
"CAN",0x000000000000026A,,,
"CAN",,0x000000000000000F,,
"CAN",,,0x7D,
"CAN",,,0xCD,
"CAN",0x0000000000000269,,,
"CAN",,0x0000000000000006,,
"CAN",,,0xBD,
"CAN",,,0xD5,
"CAN",,,0xCC,
"CAN",,,0xA7,
"CAN",,,0x3F,
"CAN",0x000000000000026A,,,
"CAN",,0x000000000000000F,,
"CAN",,,0x7D,
"CAN",,,0xCD,
"CAN",0x0000000000000269,,,
"CAN",,0x0000000000000006,,
"CAN",,,0xA1,
"CAN",,,0xC2,
"CAN",,,0x44,
"CAN",,,0x9D,
"CAN",,,0xEF,
"CAN",0x000000000000026A,,,
"CAN",,0x000000000000000F,,
"CAN",,,0x7D,
"CAN",,,0xCD,
"CAN",0x0000000000000269,,,
"CAN",,0x0000000000000006,,
"CAN",,,,
"CAN",0x000000000000026A,,,
"CAN",,0x000000000000000F,,
"CAN",,,0x7D,
"CAN",,,0xCD,
"CAN",0x0000000000000269,,,
"CAN",,0x0000000000000006,,
"CAN",,,0xA2,
"CAN",,,,
"CAN",0x000000000000026A,,,
"CAN",,0x000000000000000F,,
"CAN",,,0x7D,
"CAN",,,0xCD,
"CAN",0x0000000000000269,,,
"CAN",,0x0000000000000006,,
"CAN",,,0xFE,
"CAN",,,0x8E,
"CAN",,,0x02,
"CAN",,,0x7A,
"CAN",0x000000000000026A,,,
"CAN",,0x000000000000000F,,
"CAN",,,0x7D,
"CAN",,,0xCD,
"CAN",0x0000000000000269,,,
"CAN",,0x0000000000000006,,
"CAN",,,0x10,
"CAN",,,0xA6,
"CAN",,,0x48,
"CAN",,,0x26,
"CAN",0x000000000000026A,,,
"CAN",,0x000000000000000F,,
"CAN",,,0x7D,
"CAN",,,0xCD,
"CAN",0x0000000000000269,,,
"CAN",,0x0000000000000006,,
"CAN",,,0x0E,
"CAN",,,0xE7,
"CAN",,,0x09,
"CAN",,,0x2B,
"CAN",0x000000000000026A,,,
"CAN",,0x000000000000000F,,
"CAN",,,0x7D,
"CAN",,,0xCD,
"CAN",0x0000000000000269,,,
"CAN",,0x0000000000000006,,
"CAN",,,,
"CAN",0x000000000000026A,,,
"CAN",,0x000000000000000F,,
"CAN",,,0x7D,
"CAN",,,0xCD,
"CAN",0x0000000000000269,,,
"CAN",,0x0000000000000006,,
"CAN",,,0xE1,
"CAN",,,,
"CAN",0x000000000000026A,,,
"CAN",,0x000000000000000F,,
"CAN",,,0x7D,
"CAN",,,0xCD,
"CAN",0x0000000000000269,,,
"CAN",,0x0000000000000006,,
"CAN",,,0xEE,
"CAN",,,0xF7,
"CAN",,,0xD9,
"CAN",0x000000000000026A,,,
"CAN",,0x000000000000000F,,
"CAN",,,0x7D,
"CAN",,,0xCD,
"CAN",0x0000000000000269,,,
"CAN",,0x0000000000000009,,
"CAN",,,0x63,
"CAN",,,0x84,
"CAN",,,0x48,
"CAN",,,0x05,
"CAN",,,0xBF,
"CAN",0x000000000000026A,,,
"CAN",,0x000000000000000F,,
"CAN",,,0x7D,
"CAN",,,0xCD,
"CAN",0x0000000000000269,,,
"CAN",,0x0000000000000009,,
"CAN",,,0x7A,
"CAN",,,0xE6,
"CAN",,,0xC8,
"CAN",,,0x26,
"CAN",0x000000000000026A,,,
"CAN",,0x000000000000000F,,
"CAN",,,0x7D,
"CAN",,,0xCD,
"CAN",0x0000000000000269,,,
"CAN",,0x0000000000000009,,
"CAN",,,0xF6,
"CAN",,,0x8A,
"CAN",,,0x90,
"CAN",,,0x0F,
"CAN",0x000000000000026A,,,
"CAN",,0x000000000000000F,,
"CAN",,,0x7D,
"CAN",,,0xCD,
"CAN",0x0000000000000269,,,
"CAN",,0x0000000000000009,,
"CAN",,,0xD2,
"CAN",,,0x44,
"CAN",,,0xC8,
"CAN",,,0x11,
"CAN",,,0xBF,
"CAN",0x000000000000026A,,,
"CAN",,0x000000000000000F,,
"CAN",,,0x7D,
"CAN",,,0xCD,
"CAN",0x0000000000000269,,,
"CAN",,0x0000000000000009,,
"CAN",,,0x62,
"CAN",,,0x44,
"CAN",,,0xC8,
"CAN",,,0x1F,
"CAN",0x000000000000026A,,,
"CAN",,0x000000000000000F,,
"CAN",,,0x7D,
"CAN",,,0xCD,
"CAN",0x0000000000000269,,,
"CAN",,0x0000000000000009,,
"CAN",,,0x6F,
"CAN",,,,
"CAN",0x000000000000026A,,,
"CAN",,0x000000000000000F,,
"CAN",,,0x7D,
"CAN",,,0xCD,
"CAN",0x0000000000000269,,,
"CAN",,0x0000000000000009,,
"CAN",,,0x93,
"CAN",,,0x84,
"CAN",,,0x4C,
"CAN",,,0xBF,
"CAN",0x000000000000026A,,,
"CAN",,0x000000000000000F,,
"CAN",,,0x7D,
"CAN",,,0xCD,
"CAN",0x0000000000000269,,,
"CAN",,0x0000000000000008,,
"CAN",,,0x15,
"CAN",,,0x85,
"CAN",,,0x09,
"CAN",,,0x79,
"CAN",0x000000000000026A,,,
"CAN",,0x000000000000000F,,
"CAN",,,0x7D,
"CAN",,,0xCD,
"CAN",0x0000000000000269,,,
"CAN",,0x0000000000000008,,
"CAN",,,0xB2,
"CAN",,,0x47,
"CAN",,,,
"CAN",0x000000000000026A,,,
"CAN",,0x000000000000000F,,
"CAN",,,0x7D,
"CAN",,,0xCD,
"CAN",0x0000000000000269,,,
"CAN",,0x0000000000000008,,
"CAN",,,0x6E,
"CAN",,,0xE1,
"CAN",,,0x09,
"CAN",,,0x31,
"CAN",,,0x3F,
"CAN",0x000000000000026A,,,
"CAN",,0x000000000000000F,,
"CAN",,,0x7D,
"CAN",,,0xCD,
"CAN",0x0000000000000269,,,
"CAN",,0x0000000000000008,,
"CAN",,,0xDD,
"CAN",,,0x63,
"CAN",,,,
"CAN",0x000000000000026A,,,
"CAN",,0x000000000000000F,,
"CAN",,,0x7D,
"CAN",,,0xCD,
"CAN",0x0000000000000269,,,
"CAN",,0x0000000000000009,,
"CAN",,,0x0D,
"CAN",,,,
"CAN",0x000000000000026A,,,
"CAN",,0x000000000000000F,,
"CAN",,,0x7D,
"CAN",,,0xCD,
"CAN",0x0000000000000269,,,
"CAN",,0x0000000000000009,,
"CAN",,,0x8E,
"CAN",,,0x27,
"CAN",,,0xD0,
"CAN",,,0x7A,
"CAN",0x000000000000026A,,,
"CAN",,0x000000000000000F,,
"CAN",,,0x7D,
"CAN",,,0xCD,
"CAN",0x0000000000000269,,,
"CAN",,0x0000000000000009,,
"CAN",,,0x3E,
"CAN",,,0xC2,
"CAN",,,0x12,
"CAN",,,0xAA,
"CAN",0x000000000000026A,,,
"CAN",,0x000000000000000F,,
"CAN",,,0x7D,
"CAN",,,0xCD,
"CAN",0x0000000000000269,,,
"CAN",,0x0000000000000009,,
"CAN",,,0x9B,
"CAN",,,0x23,
"CAN",,,0x84,
"CAN",,,0x90,
"CAN",0x000000000000026A,,,
"CAN",,0x000000000000000F,,
"CAN",,,0x7D,
"CAN",,,0xCD,
"CAN",0x0000000000000269,,,
"CAN",,0x000000000000000A,,
"CAN",,,0x6C,
"CAN",,,0x67,
"CAN",,,,
"CAN",0x000000000000026A,,,
"CAN",,0x000000000000000F,,
"CAN",,,0x7D,
"CAN",,,0xCD,
"CAN",0x0000000000000269,,,
"CAN",,0x000000000000000A,,
"CAN",,,0xCD,
"CAN",,,0x65,
"CAN",,,,
"CAN",0x000000000000026A,,,
"CAN",,0x000000000000000F,,
"CAN",,,0x7D,
"CAN",,,0xCD,
"CAN",0x0000000000000269,,,
"CAN",,0x000000000000000A,,
"CAN",,,0x7E,
"CAN",,,0xCF,
"CAN",,,,
"CAN",0x000000000000026A,,,
"CAN",,0x000000000000000F,,
"CAN",,,0x7D,
"CAN",,,0xCD,
"CAN",0x0000000000000269,,,
"CAN",,0x000000000000000A,,
"CAN",0x000000000000026A,,,
"CAN",,0x000000000000000F,,
"CAN",,,0x7D,
"CAN",,,0xCD,
"CAN",0x0000000000000269,,,
"CAN",,0x000000000000000B,,
"CAN",,,0x9B,
"CAN",,,,
"CAN",0x000000000000026A,,,
"CAN",,0x000000000000000F,,
"CAN",,,0x7D,
"CAN",,,0xCD,
"CAN",0x0000000000000269,,,
"CAN",,0x000000000000000B,,
"CAN",,,,
"CAN",0x000000000000026A,,,
"CAN",,0x000000000000000F,,
"CAN",,,0x7D,
"CAN",,,0xCD,
"CAN",0x0000000000000269,,,
"CAN",,0x000000000000000B,,
"CAN",,,0x92,
"CAN",,,0xD3,
"CAN",,,,
"CAN",0x000000000000026A,,,
"CAN",,0x000000000000000F,,
"CAN",,,0x7D,
"CAN",,,0xCD,
"CAN",0x0000000000000269,,,
"CAN",,,,
"CAN",,,,
"CAN",0x0000000000000269,,,
"CAN",,0x000000000000000A,,
"CAN",,,0x62,
"CAN",,,0x21,
"CAN",,,0xA4,
"CAN",,,0x13,
"CAN",,,0x5F,
"CAN",,,,
"CAN",0x0000000000000269,,,
"CAN",,0x000000000000000B,,
"CAN",0x0000000000000743,,,
"CAN",,0x0000000000000004,,
"CAN",,,0xAE,
"CAN",,,,
"CAN",0x0000000000000269,,,
"CAN",,0x000000000000000A,,
"CAN",,,0x4C,
"CAN",,,0x73,
"CAN",,,0xE9,
"CAN",,,0x3F,
"CAN",,,,
"CAN",0x0000000000000269,,,
"CAN",,0x000000000000000A,,
"CAN",,,0xEC,
"CAN",,,0xE4,
"CAN",,,0xC8,
"CAN",,,0x11,
"CAN",0x000000000000026A,,,
"CAN",,0x000000000000000C,,
"CAN",,,,
"CAN",0x0000000000000269,,,
"CAN",,0x000000000000000B,,
"CAN",,,0x2E,
"CAN",,,0x25,
"CAN",,,,
"CAN",0x000000000000026A,,,
"CAN",,0x000000000000000E,,
"CAN",,,,
"CAN",0x0000000000000269,,,
"CAN",,0x000000000000000B,,
"CAN",,,0x8F,
"CAN",,,0x25,
"CAN",,,0x48,
"CAN",,,0x3D,
"CAN",0x000000000000026A,,,
"CAN",,0x000000000000000F,,
"CAN",,,0x7D,
"CAN",,,0x02,
"CAN",,,0xB6,
"CAN",,,0x02,
"CAN",0x0000000000000269,,,
"CAN",,0x000000000000000B,,
"CAN",,,0x09,
"CAN",,,,
"CAN",0x000000000000026A,,,
"CAN",,0x000000000000000F,,
"CAN",,,0x7D,
"CAN",,,0x85,
"CAN",,,0x5B,
"CAN",,,0x01,
"CAN",0x0000000000000269,,,
"CAN",,0x000000000000000B,,
"CAN",,,0x9B,
"CAN",,,0x52,
"CAN",,,0x24,
"CAN",,,0x18,
"CAN",,,0xDF,
"CAN",0x000000000000026A,,,
"CAN",,0x000000000000000F,,
"CAN",,,0x7D,
"CAN",,,0xCD,
"CAN",,,0x5B,
"CAN",,,0x01,
"CAN",0x0000000000000269,,,
"CAN",,0x0000000000000008,,
"CAN",,,0x22,
"CAN",,,0xC2,
"CAN",,,0xC8,
"CAN",,,0x38,
"CAN",,,0xBF,
"CAN",0x000000000000026A,,,
"CAN",,0x000000000000000F,,
"CAN",,,0x7D,
"CAN",,,0xCD,
"CAN",,,0x5B,
"CAN",,,0x01,
"CAN",0x0000000000000269,,,
"CAN",,0x0000000000000008,,
"CAN",,,0x8E,
"CAN",,,0x9B,
"CAN",,,,
"CAN",0x000000000000026A,,,
"CAN",,0x000000000000000F,,
"CAN",,,0x7D,
"CAN",,,0xCD,
"CAN",,,0x5B,
"CAN",,,0x24,
"CAN",,,0xBF,
"CAN",0x0000000000000269,,,
"CAN",,0x000000000000000A,,
"CAN",,,,
"CAN",0x000000000000026A,,,
"CAN",,0x000000000000000F,,
"CAN",,,0x7D,
"CAN",,,0xC5,
"CAN",,,0x5B,
"CAN",,,0x01,
"CAN",0x0000000000000269,,,
"CAN",,0x0000000000000008,,
"CAN",,,0x37,
"CAN",,,0xA4,
"CAN",,,0xCC,
"CAN",,,0xB7,
"CAN",,,0xFF,
"CAN",0x000000000000026A,,,
"CAN",,0x000000000000000F,,
"CAN",,,0x7D,
"CAN",,,0xCD,
"CAN",,,0x5B,
"CAN",,,0x01,
"CAN",0x0000000000000269,,,
"CAN",,0x0000000000000008,,
"CAN",,,0xFB,
"CAN",,,0xC0,
"CAN",,,0x12,
"CAN",,,0x77,
"CAN",0x000000000000026A,,,
"CAN",,0x000000000000000F,,
"CAN",,,0x7D,
"CAN",,,0xCD,
"CAN",,,0x5B,
"CAN",,,0x01,
"CAN",0x0000000000000269,,,
"CAN",,0x0000000000000009,,
"CAN",,,0x39,
"CAN",,,0xDF,
"CAN",,,0x02,
"CAN",,,0xDB,
"CAN",,,0xBF,
"CAN",0x000000000000026A,,,
"CAN",,0x000000000000000F,,
"CAN",,,0x7D,
"CAN",,,0xCD,
"CAN",0x0000000000000269,,,
"CAN",,0x000000000000000B,,
"CAN",,,0x5D,
"CAN",,,0xE4,
"CAN",,,0xCC,
"CAN",,,0x95,
"CAN",0x000000000000026A,,,
"CAN",,0x000000000000000F,,
"CAN",,,0x7D,
"CAN",,,0xCD,
"CAN",0x0000000000000269,,,
"CAN",,0x0000000000000009,,
"CAN",,,0xED,
"CAN",,,0xDB,
"CAN",,,0x01,
"CAN",,,0x21,
"CAN",0x000000000000026A,,,
"CAN",,0x000000000000000F,,
"CAN",,,0x7D,
"CAN",,,0xCD,
"CAN",0x0000000000000269,,,
"CAN",,0x0000000000000009,,
"CAN",,,0x3B,
"CAN",,,0xB2,
"CAN",,,,
"CAN",0x000000000000026A,,,
"CAN",,0x000000000000000F,,
"CAN",,,0x7D,
"CAN",,,0xCD,
"CAN",0x0000000000000269,,,
"CAN",,0x0000000000000009,,
"CAN",,,0x33,
"CAN",,,0x1F,
"CAN",,,0x02,
"CAN",,,0xB9,
"CAN",,,0xBF,
"CAN",0x000000000000026A,,,
"CAN",,0x000000000000000F,,
"CAN",,,0x7D,
"CAN",,,0xCD,
"CAN",0x0000000000000269,,,
"CAN",,0x000000000000000B,,
"CAN",0x00000000000005B4,,,true
"CAN",,,,
"CAN",0x000000000000026A,,,
"CAN",,0x000000000000000F,,
"CAN",,,0x7D,
"CAN",,,0xCD,
"CAN",0x0000000000000269,,,
"CAN",,0x0000000000000009,,
"CAN",,,0xEF,
"CAN",0x0000000000000012,,,true
"CAN",,0x000000000000000E,,
"CAN",0x000000000000026A,,,
"CAN",,0x000000000000000F,,
"CAN",,,0x7D,
"CAN",,,0xCD,
"CAN",0x0000000000000269,,,
"CAN",,0x0000000000000008,,
"CAN",,,0x5B,
"CAN",,,0x1A,
"CAN",,,,
"CAN",0x000000000000026A,,,
"CAN",,0x000000000000000F,,
"CAN",,,0x7D,
"CAN",,,0xCD,
"CAN",0x0000000000000269,,,
"CAN",,0x0000000000000008,,
"CAN",,,0x5A,
"CAN",,,0x5F,
"CAN",,,0x02,
"CAN",,,0x7D,
"CAN",0x000000000000026A,,,
"CAN",,0x000000000000000F,,
"CAN",,,0x7D,
"CAN",,,0xCD,
"CAN",0x0000000000000269,,,
"CAN",,0x0000000000000008,,
"CAN",,,0xD9,
"CAN",,,0x5A,
"CAN",,,0xC8,
"CAN",,,0x06,
"CAN",,,0xBF,
"CAN",0x000000000000026A,,,
"CAN",,0x000000000000000F,,
"CAN",,,0x7D,
"CAN",,,0xCD,
"CAN",0x0000000000000269,,,
"CAN",,0x0000000000000008,,
"CAN",,,0xF9,
"CAN",,,0xB7,
"CAN",,,,
"CAN",0x000000000000026A,,,
"CAN",,0x000000000000000F,,
"CAN",,,0x7D,
"CAN",,,0xCD,
"CAN",0x0000000000000269,,,
"CAN",,0x0000000000000008,,
"CAN",,,0x26,
"CAN",,,0xBE,
"CAN",,,0x04,
"CAN",,,0xCD,
"CAN",0x000000000000026A,,,
"CAN",,0x000000000000000F,,
"CAN",,,0x7D,
"CAN",,,0xCD,
"CAN",0x0000000000000269,,,
"CAN",,,,
"CAN",0x000000000000026A,,,
"CAN",,0x000000000000000F,,
"CAN",,,0x7D,
"CAN",,,0xCD,
"CAN",0x0000000000000269,,,
"CAN",,0x000000000000000B,,
"CAN",,,0xEC,
"CAN",,,,
"CAN",0x000000000000026A,,,
"CAN",,0x000000000000000F,,
"CAN",,,0x7D,
"CAN",,,0xCD,
"CAN",0x0000000000000269,,,
"CAN",,0x0000000000000008,,
"CAN",,,0xDB,
"CAN",0x000000000000026A,,,
"CAN",,0x000000000000000F,,
"CAN",,,0x7D,
"CAN",,,0xCD,
"CAN",0x0000000000000269,,,
"CAN",,0x0000000000000008,,
"CAN",,,0xBB,
"CAN",,,0x1A,
"CAN",,,0x48,
"CAN",,,0x13,
"CAN",0x000000000000026A,,,
"CAN",,0x000000000000000F,,
"CAN",,,0x7D,
"CAN",,,0xCD,
"CAN",0x0000000000000269,,,
"CAN",,0x0000000000000008,,
"CAN",,,0xFD,
"CAN",,,0xC9,
"CAN",,,0x09,
"CAN",,,0x2F,
"CAN",,,0xBF,
"CAN",0x000000000000026A,,,
"CAN",,0x000000000000000F,,
"CAN",,,0x7D,
"CAN",,,0xCD,
"CAN",0x0000000000000269,,,
"CAN",,0x0000000000000009,,
"CAN",,,,
"CAN",0x000000000000026A,,,
"CAN",,0x000000000000000F,,
"CAN",,,0x7D,
"CAN",,,0xCD,
"CAN",0x0000000000000269,,,
"CAN",,0x0000000000000009,,
"CAN",,,0x5A,
"CAN",,,0x9B,
"CAN",,,,
"CAN",0x000000000000026A,,,
"CAN",,0x000000000000000F,,
"CAN",,,0x7D,
"CAN",,,0xCD,
"CAN",0x0000000000000269,,,
"CAN",,0x0000000000000009,,
"CAN",,,0x6A,
"CAN",,,0x1A,
"CAN",,,,
"CAN",0x000000000000026A,,,
"CAN",,0x000000000000000F,,
"CAN",,,0x7D,
"CAN",,,0xCD,
"CAN",0x0000000000000269,,,
"CAN",,0x0000000000000009,,
"CAN",,,0x39,
"CAN",,,0x64,
"CAN",,,0x84,
"CAN",,,0x8F,
"CAN",,,0xDF,
"CAN",0x000000000000026A,,,
"CAN",,0x000000000000000F,,
"CAN",,,0x7D,
"CAN",,,0xCD,
"CAN",0x0000000000000269,,,
"CAN",,0x0000000000000009,,
"CAN",,,,
"CAN",0x000000000000026A,,,
"CAN",,0x000000000000000F,,
"CAN",,,0x7D,
"CAN",,,0xCD,
"CAN",,,0x5B,
"CAN",,,0x01,
"CAN",0x0000000000000269,,,
"CAN",,0x0000000000000009,,
"CAN",,,0x58,
"CAN",,,0x65,
"CAN",,,0x48,
"CAN",,,0x18,
"CAN",,,0xBF,
"CAN",0x000000000000026A,,,
"CAN",,0x000000000000000F,,
"CAN",,,0x7D,
"CAN",,,0xCD,
"CAN",0x0000000000000269,,,
"CAN",,0x0000000000000009,,
"CAN",,,0x49,
"CAN",,,0xF5,
"CAN",,,0xC8,
"CAN",,,0x3B,
"CAN",,,0xBF,
"CAN",0x000000000000026A,,,
"CAN",,0x000000000000000F,,
"CAN",,,0x7D,
"CAN",,,0xCD,
"CAN",0x0000000000000269,,,
"CAN",,0x0000000000000009,,
"CAN",,,0x69,
"CAN",,,0x20,
"CAN",,,0x09,
"CAN",,,0x67,
"CAN",0x000000000000026A,,,
"CAN",,0x000000000000000F,,
"CAN",,,0x7D,
"CAN",,,0xCD,
"CAN",0x0000000000000269,,,
"CAN",,0x0000000000000009,,
"CAN",,,0x49,
"CAN",,,0xF5,
"CAN",,,0x49,
"CAN",,,0x76,
"CAN",0x000000000000026A,,,
"CAN",,0x000000000000000F,,
"CAN",,,0x7D,
"CAN",,,0xCD,
"CAN",0x0000000000000269,,,
"CAN",,0x0000000000000009,,
"CAN",,,0x56,
"CAN",,,0xD2,
"CAN",,,0x64,
"CAN",,,0x1B,
"CAN",,,0x5F,
"CAN",0x000000000000026A,,,
"CAN",,0x000000000000000F,,
"CAN",,,0x7D,
"CAN",,,0xCD,
"CAN",0x0000000000000269,,,
"CAN",,0x0000000000000009,,
"CAN",,,0x46,
"CAN",,,,
"CAN",0x000000000000026A,,,
"CAN",,0x000000000000000F,,
"CAN",,,0x7D,
"CAN",,,0xCD,
"CAN",0x0000000000000269,,,
"CAN",,0x000000000000000B,,
"CAN",,,0x67,
"CAN",,,,
"CAN",0x000000000000026A,,,
"CAN",,0x000000000000000F,,
"CAN",,,0x7D,
"CAN",,,0xCD,
"CAN",0x0000000000000269,,,
"CAN",,0x000000000000000B,,
"CAN",0x0000000000000524,,,
"CAN",,0x0000000000000002,,
"CAN",,,0x6D,
"CAN",,,0xBF,
"CAN",0x000000000000026A,,,
"CAN",,0x000000000000000F,,
"CAN",,,0x7D,
"CAN",,,0xCD,
"CAN",0x0000000000000269,,,
"CAN",,0x0000000000000009,,
"CAN",,,0x76,
"CAN",,,0x9F,
"CAN",,,0x02,
"CAN",,,0x4F,
"CAN",0x000000000000026A,,,
"CAN",,0x000000000000000F,,
"CAN",,,0x7D,
"CAN",,,0xCD,
"CAN",0x0000000000000269,,,
"CAN",,0x0000000000000009,,
"CAN",,,0x66,
"CAN",,,0x9F,
"CAN",,,0x48,
"CAN",,,0x1D,
"CAN",,,0xBF,
"CAN",0x000000000000026A,,,
"CAN",,0x000000000000000F,,
"CAN",,,0x7D,
"CAN",,,0xCD,
"CAN",0x0000000000000269,,,
"CAN",,0x0000000000000009,,
"CAN",,,0x76,
"CAN",,,0xD2,
"CAN",,,0x24,
"CAN",,,0x1B,
"CAN",0x000000000000026A,,,
"CAN",,0x000000000000000F,,
"CAN",,,0x7D,
"CAN",,,0xCD,
"CAN",0x0000000000000269,,,
"CAN",,0x0000000000000009,,
"CAN",,,0x79,
"CAN",,,0x32,
"CAN",,,0x42,
"CAN",,,0x5D,
"CAN",,,0xDF,
"CAN",0x000000000000026A,,,
"CAN",,0x000000000000000F,,
"CAN",,,0x7D,
"CAN",,,0xCD,
"CAN",0x0000000000000269,,,
"CAN",,0x0000000000000009,,
"CAN",,,0x79,
"CAN",,,0x3F,
"CAN",,,,
"CAN",0x000000000000026A,,,
"CAN",,0x000000000000000F,,
"CAN",,,0x7D,
"CAN",,,0xCD,
"CAN",0x0000000000000269,,,
"CAN",,0x000000000000000B,,
"CAN",,,,
"CAN",0x000000000000026A,,,
"CAN",,0x000000000000000F,,
"CAN",,,0x7D,
"CAN",,,0xCD,
"CAN",0x0000000000000269,,,
"CAN",,0x0000000000000009,,
"CAN",,,0x79,
"CAN",,,0x2D,
"CAN",,,0x80,
"CAN",,,0x98,
"CAN",,,0xEF,
"CAN",0x000000000000026A,,,
"CAN",,0x000000000000000F,,
"CAN",,,0x7D,
"CAN",,,0xCD,
"CAN",0x0000000000000269,,,
"CAN",,0x0000000000000009,,
"CAN",,,0x79,
"CAN",,,0x32,
"CAN",,,0x42,
"CAN",,,0x5D,
"CAN",,,0xDF,
"CAN",0x000000000000026A,,,
"CAN",,0x000000000000000F,,
"CAN",,,0x7D,
"CAN",,,0xCD,
"CAN",0x0000000000000269,,,
"CAN",,0x0000000000000009,,
"CAN",,,0x79,
"CAN",,,0x1F,
"CAN",0x0000000000000100,,,
"CAN",,0x000000000000000F,,
"CAN",0x000000000000026A,,,
"CAN",,0x000000000000000F,,
"CAN",,,0x7D,
"CAN",,,0xCD,
"CAN",0x0000000000000269,,,
"CAN",,0x0000000000000009,,
"CAN",,,0x69,
"CAN",,,0x2D,
"CAN",,,0x80,
"CAN",,,0xBF,
"CAN",,,0x5F,
"CAN",0x000000000000026A,,,
"CAN",,0x000000000000000F,,
"CAN",,,0x7D,
"CAN",,,0xCD,
"CAN",0x0000000000000269,,,
"CAN",,0x0000000000000009,,
"CAN",,,0x79,
"CAN",,,0x1F,
"CAN",0x0000000000000100,,,
"CAN",,0x000000000000000F,,
"CAN",0x000000000000026A,,,
"CAN",,0x000000000000000F,,
"CAN",,,0x7D,
"CAN",,,0xCD,
"CAN",0x0000000000000269,,,
"CAN",,0x0000000000000009,,
"CAN",,,0x79,
"CAN",,,0x32,
"CAN",,,0x42,
"CAN",,,0x5D,
"CAN",,,0xDF,
"CAN",0x000000000000026A,,,
"CAN",,0x000000000000000F,,
"CAN",,,0x7D,
"CAN",,,0xCD,
"CAN",0x0000000000000269,,,
"CAN",,0x0000000000000009,,
"CAN",,,0x79,
"CAN",,,,
"CAN",0x000000000000026A,,,
"CAN",,0x000000000000000F,,
"CAN",,,0x7D,
"CAN",,,0xCD,
"CAN",0x0000000000000269,,,
"CAN",,0x0000000000000009,,
"CAN",,,0x66,
"CAN",,,0xDF,
"CAN",,,,
"CAN",0x000000000000026A,,,
"CAN",,0x000000000000000F,,
"CAN",,,0x7D,
"CAN",,,0xCD,
"CAN",0x0000000000000269,,,
"CAN",,0x0000000000000009,,
"CAN",,,0x69,
"CAN",,,0x2D,
"CAN",,,0x80,
"CAN",,,0xBF,
"CAN",,,0x5F,
"CAN",0x000000000000026A,,,
"CAN",,0x000000000000000F,,
"CAN",,,0x7D,
"CAN",,,0xCD,
"CAN",0x0000000000000269,,,
"CAN",,0x0000000000000009,,
"CAN",,,0x66,
"CAN",,,0xCD,
"CAN",,,0x80,
"CAN",,,0xB8,
"CAN",,,0xEF,
"CAN",0x000000000000026A,,,
"CAN",,0x000000000000000F,,
"CAN",,,0x7D,
"CAN",,,0xCD,
"CAN",0x0000000000000269,,,
"CAN",,0x0000000000000009,,
"CAN",,,0x69,
"CAN",,,0x2D,
"CAN",,,0x80,
"CAN",,,0xBF,
"CAN",,,0x5F,
"CAN",0x000000000000026A,,,
"CAN",,0x000000000000000F,,
"CAN",,,0x7D,
"CAN",,,0xCD,
"CAN",0x0000000000000269,,,
"CAN",,0x000000000000000B,,
"CAN",,,,
"CAN",0x000000000000026A,,,
"CAN",,0x000000000000000F,,
"CAN",,,0x7D,
"CAN",,,0xCD,
"CAN",0x0000000000000269,,,
"CAN",,0x0000000000000009,,
"CAN",,,0x66,
"CAN",,,0xCD,
"CAN",,,0x80,
"CAN",,,0xB8,
"CAN",,,0x6F,
"CAN",0x000000000000026A,,,
"CAN",,0x000000000000000F,,
"CAN",,,0x7D,
"CAN",,,0xCD,
"CAN",0x0000000000000269,,,
"CAN",,0x0000000000000009,,
"CAN",,,0x69,
"CAN",,,0x1F,
"CAN",,,,
"CAN",0x000000000000026A,,,
"CAN",,0x000000000000000F,,
"CAN",,,0x7D,
"CAN",,,0xCD,
"CAN",0x0000000000000269,,,
"CAN",,0x0000000000000009,,
"CAN",,,0x66,
"CAN",,,0xD2,
"CAN",,,0x42,
"CAN",,,0x4A,
"CAN",,,0x9F,
"CAN",0x000000000000026A,,,
"CAN",,0x000000000000000F,,
"CAN",,,0x7D,
"CAN",,,0xCD,
"CAN",0x0000000000000269,,,
"CAN",,0x0000000000000009,,
"CAN",,,0x66,
"CAN",,,0xD2,
"CAN",,,0x42,
"CAN",,,0x4A,
"CAN",,,0x9F,
"CAN",0x000000000000026A,,,
"CAN",,0x000000000000000F,,
"CAN",,,0x7D,
"CAN",,,0xCD,
"CAN",0x0000000000000269,,,
"CAN",,0x0000000000000009,,
"CAN",,,0x66,
"CAN",,,0xCD,
"CAN",,,0x80,
"CAN",,,0x97,
"CAN",,,0x2F,
"CAN",0x000000000000026A,,,
"CAN",,0x000000000000000F,,
"CAN",,,0x7D,
"CAN",,,0xCD,
"CAN",0x0000000000000269,,,
"CAN",,0x0000000000000009,,
"CAN",,,0x69,
"CAN",,,0x32,
"CAN",,,0x42,
"CAN",,,0x49,
"CAN",,,0x57,
"CAN",0x000000000000026A,,,
"CAN",,0x000000000000000F,,
"CAN",,,0x7D,
"CAN",,,0xCD,
"CAN",0x0000000000000269,,,
"CAN",,0x0000000000000009,,
"CAN",,,0x79,
"CAN",,,,
"CAN",0x000000000000026A,,,
"CAN",,0x000000000000000F,,
"CAN",,,0x7D,
"CAN",,,0xCD,
"CAN",0x0000000000000269,,,
"CAN",,0x0000000000000009,,
"CAN",,,0x66,
"CAN",,,0xBF,
"CAN",,,,
"CAN",0x0000000000000269,,,
"CAN",,0x0000000000000009,,
"CAN",,,0x79,
"CAN",,,0x32,
"CAN",,,0x52,
"CAN",,,0x4B,
"CAN",,,0xDF,
"CAN",,,,
"CAN",0x0000000000000269,,,
"CAN",,0x0000000000000009,,
"CAN",,,0x66,
"CAN",,,0xBF,
"CAN",,,,
"CAN",0x0000000000000269,,,
"CAN",,0x0000000000000009,,
"CAN",,,0x66,
"CAN",0x000000000000026A,,,
"CAN",,0x000000000000000C,,
"CAN",,,,
"CAN",0x0000000000000269,,,
"CAN",,0x0000000000000009,,
"CAN",,,0x66,
"CAN",,,0xDF,
"CAN",,,,
"CAN",0x000000000000026A,,,
"CAN",,0x000000000000000C,,
"CAN",,,,
"CAN",0x0000000000000269,,,
"CAN",,0x0000000000000009,,
"CAN",,,0x66,
"CAN",,,0xBF,
"CAN",0x000000000000026A,,,
"CAN",,0x000000000000000F,,
"CAN",,,,
"CAN",0x0000000000000269,,,
"CAN",,0x0000000000000009,,
"CAN",,,0x69,
"CAN",,,0x32,
"CAN",,,0x42,
"CAN",,,0x49,
"CAN",,,0x57,
"CAN",0x000000000000026A,,,
"CAN",,0x000000000000000C,,
"CAN",,,,
"CAN",0x0000000000000269,,,
"CAN",,0x000000000000000B,,
"CAN",,,0x79,
"CAN",,,0x2F,
"CAN",,,,
"CAN",0x000000000000026A,,,
"CAN",,0x000000000000000C,,
"CAN",,,,
"CAN",0x0000000000000269,,,
"CAN",,0x000000000000000B,,
"CAN",0x000000000000026A,,,
"CAN",,0x000000000000000F,,
"CAN",,,0x7D,
"CAN",,,0x02,
"CAN",,,0xB6,
"CAN",,,0x02,
"CAN",0x0000000000000269,,,
"CAN",,0x0000000000000009,,
"CAN",,,0x79,
"CAN",,,,
"CAN",0x000000000000026A,,,
"CAN",,0x000000000000000F,,
"CAN",,,0x7D,
"CAN",,,0xCD,
"CAN",,,0x5B,
"CAN",,,0x01,
"CAN",0x0000000000000269,,,
"CAN",,0x0000000000000009,,
"CAN",,,0x69,
"CAN",,,0x2D,
"CAN",,,0x80,
"CAN",,,0xBF,
"CAN",,,0x5F,
"CAN",0x000000000000026A,,,
"CAN",,0x000000000000000F,,
"CAN",,,0x7D,
"CAN",,,0xCD,
"CAN",,,0x5B,
"CAN",,,0x01,
"CAN",0x0000000000000269,,,
"CAN",,0x000000000000000B,,
"CAN",,,,
"CAN",0x000000000000026A,,,
"CAN",,0x000000000000000F,,
"CAN",,,0x7D,
"CAN",,,0xCD,
"CAN",,,0x5B,
"CAN",,,0x24,
"CAN",,,0xBF,
"CAN",0x0000000000000269,,,
"CAN",,0x0000000000000009,,
"CAN",,,0x69,
"CAN",,,0x2D,
"CAN",,,0x80,
"CAN",,,0xBF,
"CAN",,,0x5F,
"CAN",0x000000000000026A,,,
"CAN",,0x000000000000000F,,
"CAN",,,0x7D,
"CAN",,,0xCD,
"CAN",0x0000000000000269,,,
"CAN",,0x0000000000000009,,
"CAN",,,0x66,
"CAN",,,,
"CAN",0x000000000000026A,,,
"CAN",,0x000000000000000F,,
"CAN",,,0x7D,
"CAN",,,0xCD,
"CAN",0x0000000000000269,,,
"CAN",,0x0000000000000009,,
"CAN",,,0x79,
"CAN",,,0x1F,
"CAN",0x0000000000000100,,,
"CAN",,0x000000000000000F,,
"CAN",0x000000000000026A,,,
"CAN",,0x000000000000000F,,
"CAN",,,0x7D,
"CAN",,,0xCD,
"CAN",0x0000000000000269,,,
"CAN",,0x000000000000000B,,
"CAN",,,,
"CAN",0x000000000000026A,,,
"CAN",,0x000000000000000F,,
"CAN",,,0x7D,
"CAN",,,0xCD,
"CAN",0x0000000000000269,,,
"CAN",,0x0000000000000009,,
"CAN",,,0x6F,
"CAN",,,,
"CAN",0x000000000000026A,,,
"CAN",,0x000000000000000F,,
"CAN",,,0x7D,
"CAN",,,0xCD,
"CAN",0x0000000000000269,,,
"CAN",,0x0000000000000009,,
"CAN",,,0x79,
"CAN",,,0x3F,
"CAN",,,,
"CAN",0x000000000000026A,,,
"CAN",,0x000000000000000F,,
"CAN",,,0x7D,
"CAN",,,0xCD,
"CAN",0x0000000000000269,,,
"CAN",,0x0000000000000009,,
"CAN",,,0x66,
"CAN",,,,
"CAN",0x000000000000026A,,,
"CAN",,0x000000000000000F,,
"CAN",,,0x7D,
"CAN",,,0xCD,
"CAN",0x0000000000000269,,,
"CAN",,0x0000000000000009,,
"CAN",,,0x79,
"CAN",,,0x2D,
"CAN",,,0x80,
"CAN",,,0x98,
"CAN",,,0xEF,
"CAN",0x000000000000026A,,,
"CAN",,0x000000000000000F,,
"CAN",,,0x7D,
"CAN",,,0xCD,
"CAN",0x0000000000000269,,,
"CAN",,0x0000000000000009,,
"CAN",,,0x66,
"CAN",0x000000000000026A,,,
"CAN",,0x000000000000000F,,
"CAN",,,0x7D,
"CAN",,,0xCD,
"CAN",0x0000000000000269,,,
"CAN",,0x0000000000000009,,
"CAN",,,0x69,
"CAN",,,0x2D,
"CAN",,,0x80,
"CAN",,,0x95,
"CAN",,,0xAF,
"CAN",0x000000000000026A,,,
"CAN",,0x000000000000000F,,
"CAN",,,0x7D,
"CAN",,,0xCD,
"CAN",0x0000000000000269,,,
"CAN",,0x0000000000000009,,
"CAN",,,0x79,
"CAN",,,0x2D,
"CAN",,,0x80,
"CAN",,,0x98,
"CAN",,,0xEF,
"CAN",0x000000000000026A,,,
"CAN",,0x000000000000000F,,
"CAN",,,0x7D,
"CAN",,,0xCD,
"CAN",0x0000000000000269,,,
"CAN",,0x000000000000000B,,
"CAN",0x000000000000026A,,,
"CAN",,0x000000000000000F,,
"CAN",,,0x7D,
"CAN",,,0xCD,
"CAN",0x0000000000000269,,,
"CAN",,0x0000000000000009,,
"CAN",,,0x79,
"CAN",,,0x32,
"CAN",,,0x52,
"CAN",,,0x4B,
"CAN",,,0xDF,
"CAN",0x000000000000026A,,,
"CAN",,0x000000000000000F,,
"CAN",,,0x7D,
"CAN",,,0xCD,
"CAN",0x0000000000000269,,,
"CAN",,0x0000000000000009,,
"CAN",,,0x66,
"CAN",,,0x9F,
"CAN",,,,
"CAN",0x000000000000026A,,,
"CAN",,0x000000000000000F,,
"CAN",,,0x7D,
"CAN",,,0xCD,
"CAN",0x0000000000000269,,,
"CAN",,0x0000000000000009,,
"CAN",,,0x66,
"CAN",,,0xCD,
"CAN",,,0x80,
"CAN",,,0xB8,
"CAN",,,0x6F,
"CAN",0x000000000000026A,,,
"CAN",,0x000000000000000F,,
"CAN",,,0x7D,
"CAN",,,0xCD,
"CAN",0x0000000000000269,,,
"CAN",,0x0000000000000009,,
"CAN",,,0x66,
"CAN",,,0xCD,
"CAN",,,0x80,
"CAN",,,0x97,
"CAN",,,0x2F,
"CAN",0x000000000000026A,,,
"CAN",,0x000000000000000F,,
"CAN",,,0x7D,
"CAN",,,0xCD,
"CAN",0x0000000000000269,,,
"CAN",,0x0000000000000009,,
"CAN",,,0x79,
"CAN",,,0x2D,
"CAN",,,0x80,
"CAN",,,0x98,
"CAN",,,0xEF,
"CAN",0x000000000000026A,,,
"CAN",,0x000000000000000F,,
"CAN",,,0x7D,
"CAN",,,0xCD,
"CAN",0x0000000000000269,,,
"CAN",,0x0000000000000009,,
"CAN",,,0x66,
"CAN",,,0xCD,
"CAN",,,0x80,
"CAN",,,0x97,
"CAN",,,0x2F,
"CAN",0x000000000000026A,,,
"CAN",,0x000000000000000F,,
"CAN",,,0x7D,
"CAN",,,0xCD,
"CAN",0x0000000000000269,,,
"CAN",,0x000000000000000B,,
"CAN",0x00000000000004D8,,,
"CAN",,0x0000000000000004,,
"CAN",,,0xE8,
"CAN",0x000000000000026A,,,
"CAN",,0x000000000000000F,,
"CAN",,,0x7D,
"CAN",,,0xCD,
"CAN",0x0000000000000269,,,
"CAN",,0x0000000000000009,,
"CAN",,,0x69,
"CAN",,,0x32,
"CAN",,,0x42,
"CAN",,,0x49,
"CAN",,,0x57,
"CAN",0x000000000000026A,,,
"CAN",,0x000000000000000F,,
"CAN",,,0x7D,
"CAN",,,0xCD,
"CAN",0x0000000000000269,,,
"CAN",,0x0000000000000009,,
"CAN",,,0x79,
"CAN",,,0x2D,
"CAN",,,0x80,
"CAN",,,0x98,
"CAN",,,0xEF,
"CAN",0x000000000000026A,,,
"CAN",,0x000000000000000F,,
"CAN",,,0x7D,
"CAN",,,0xCD,
"CAN",0x0000000000000269,,,
"CAN",,0x0000000000000009,,
"CAN",,,0x66,
"CAN",,,0xD2,
"CAN",,,0x42,
"CAN",,,0x4A,
"CAN",,,0xBF,
"CAN",0x000000000000026A,,,
"CAN",,0x000000000000000F,,
"CAN",,,0x7D,
"CAN",,,0xCD,
"CAN",0x0000000000000269,,,
"CAN",,0x0000000000000009,,
"CAN",,,0x69,
"CAN",,,0x32,
"CAN",,,0x42,
"CAN",,,0x49,
"CAN",,,0x57,
"CAN",0x000000000000026A,,,
"CAN",,0x000000000000000F,,
"CAN",,,0x7D,
"CAN",,,0xCD,
"CAN",0x0000000000000269,,,
"CAN",,0x0000000000000009,,
"CAN",,,0x69,
"CAN",,,0x32,
"CAN",,,0x42,
"CAN",,,0x49,
"CAN",,,0x57,
"CAN",0x000000000000026A,,,
"CAN",,0x000000000000000F,,
"CAN",,,0x7D,
"CAN",,,0xCD,
"CAN",0x0000000000000269,,,
"CAN",,0x0000000000000009,,
"CAN",,,0x69,
"CAN",,,0x2D,
"CAN",,,0x80,
"CAN",,,0xBF,
"CAN",,,0x5F,
"CAN",0x000000000000026A,,,
"CAN",,0x000000000000000F,,
"CAN",,,0x7D,
"CAN",,,0xCD,
"CAN",0x0000000000000269,,,
"CAN",,0x0000000000000009,,
"CAN",,,0x66,
"CAN",,,0xCD,
"CAN",,,0x80,
"CAN",,,0xB8,
"CAN",,,0x6F,
"CAN",0x000000000000026A,,,
"CAN",,0x000000000000000F,,
"CAN",,,0x7D,
"CAN",,,0xCD,
"CAN",0x0000000000000269,,,
"CAN",,0x0000000000000009,,
"CAN",,,0x66,
"CAN",,,,
"CAN",0x000000000000026A,,,
"CAN",,0x000000000000000F,,
"CAN",,,0x7D,
"CAN",,,0xCD,
"CAN",0x0000000000000269,,,
"CAN",,0x0000000000000009,,
"CAN",,,0x69,
"CAN",,,0x2D,
"CAN",,,0x80,
"CAN",,,0xBF,
"CAN",,,0x5F,
"CAN",0x000000000000026A,,,
"CAN",,0x000000000000000F,,
"CAN",,,0x7D,
"CAN",,,0xCD,
"CAN",0x0000000000000269,,,
"CAN",,0x000000000000000B,,
"CAN",0x000000000000026A,,,
"CAN",,0x000000000000000F,,
"CAN",,,0x7D,
"CAN",,,0xCD,
"CAN",0x0000000000000269,,,
"CAN",,0x0000000000000009,,
"CAN",,,0x66,
"CAN",,,0xCD,
"CAN",,,0xB2,
"CAN",,,0x4F,
"CAN",0x000000000000026A,,,
"CAN",,0x000000000000000F,,
"CAN",,,0x7D,
"CAN",,,0xCD,
"CAN",0x0000000000000269,,,
"CAN",,0x0000000000000009,,
"CAN",,,0x79,
"CAN",,,0x2D,
"CAN",,,0x80,
"CAN",,,0x98,
"CAN",,,0xEF,
"CAN",0x000000000000026A,,,
"CAN",,0x000000000000000F,,
"CAN",,,0x7D,
"CAN",,,0xCD,
"CAN",0x0000000000000269,,,
"CAN",,0x0000000000000009,,
"CAN",,,0x79,
"CAN",,,0x32,
"CAN",,,0x42,
"CAN",,,0x5D,
"CAN",,,0xDF,
"CAN",0x000000000000026A,,,
"CAN",,0x000000000000000F,,
"CAN",,,0x7D,
"CAN",,,0xCD,
"CAN",0x0000000000000269,,,
"CAN",,0x0000000000000009,,
"CAN",,,0x69,
"CAN",,,0x2D,
"CAN",,,0x80,
"CAN",,,0xBF,
"CAN",,,0x5F,
"CAN",0x000000000000026A,,,
"CAN",,0x000000000000000F,,
"CAN",,,0x7D,
"CAN",,,0xCD,
"CAN",0x0000000000000269,,,
"CAN",,0x0000000000000009,,
"CAN",,,0x66,
"CAN",,,0xCD,
"CAN",,,0x80,
"CAN",,,0x97,
"CAN",,,0x2F,
"CAN",0x000000000000026A,,,
"CAN",,0x000000000000000F,,
"CAN",,,0x7D,
"CAN",,,0xCD,
"CAN",0x0000000000000269,,,
"CAN",,0x0000000000000009,,
"CAN",,,0x66,
"CAN",,,0xCD,
"CAN",,,0x80,
"CAN",,,0xB8,
"CAN",,,0x6F,
"CAN",0x000000000000026A,,,
"CAN",,0x000000000000000F,,
"CAN",,,0x7D,
"CAN",,,0xCD,
"CAN",0x0000000000000269,,,
"CAN",,0x0000000000000009,,
"CAN",,,0x66,
"CAN",,,,
"CAN",0x000000000000026A,,,
"CAN",,0x000000000000000F,,
"CAN",,,0x7D,
"CAN",,,0xCD,
"CAN",0x0000000000000269,,,
"CAN",,0x0000000000000009,,
"CAN",,,0x79,
"CAN",,,0x2D,
"CAN",,,0x80,
"CAN",,,0x9B,
"CAN",,,0xFF,
"CAN",0x000000000000026A,,,
"CAN",,0x000000000000000F,,
"CAN",,,0x7D,
"CAN",,,0xCD,
"CAN",0x0000000000000269,,,
"CAN",,0x0000000000000009,,
"CAN",,,0x79,
"CAN",,,0x32,
"CAN",,,0x42,
"CAN",,,0x5D,
"CAN",,,0xDF,
"CAN",0x000000000000026A,,,
"CAN",,0x000000000000000F,,
"CAN",,,0x7D,
"CAN",,,0xCD,
"CAN",0x0000000000000269,,,
"CAN",,0x0000000000000009,,
"CAN",,,0x69,
"CAN",,,0x32,
"CAN",,,0x42,
"CAN",,,0x49,
"CAN",,,0x57,
"CAN",0x000000000000026A,,,
"CAN",,0x000000000000000F,,
"CAN",,,0x7D,
"CAN",,,0xCD,
"CAN",0x0000000000000269,,,
"CAN",,0x0000000000000009,,
"CAN",,,0x79,
"CAN",,,0x1F,
"CAN",0x0000000000000100,,,
"CAN",,0x000000000000000F,,
"CAN",0x000000000000026A,,,
"CAN",,0x000000000000000F,,
"CAN",,,0x7D,
"CAN",,,0xCD,
"CAN",0x0000000000000269,,,
"CAN",,0x0000000000000009,,
"CAN",,,0x66,
"CAN",,,0xCD,
"CAN",,,0x80,
"CAN",,,0x97,
"CAN",,,0x2F,
"CAN",0x000000000000026A,,,
"CAN",,0x000000000000000F,,
"CAN",,,0x7D,
"CAN",,,0xCD,
"CAN",0x0000000000000269,,,
"CAN",,0x0000000000000009,,
"CAN",,,0x66,
"CAN",0x000000000000026A,,,
"CAN",,0x000000000000000F,,
"CAN",,,0x7D,
"CAN",,,0xCD,
"CAN",0x0000000000000269,,,
"CAN",,0x0000000000000009,,
"CAN",,,0x66,
"CAN",,,0xCD,
"CAN",,,0x80,
"CAN",,,0x97,
"CAN",,,0x2F,
"CAN",0x000000000000026A,,,
"CAN",,0x000000000000000F,,
"CAN",,,0x7D,
"CAN",,,0xCD,
"CAN",0x0000000000000269,,,
"CAN",,0x0000000000000009,,
"CAN",,,0x66,
"CAN",,,0xCD,
"CAN",,,0x80,
"CAN",,,0x97,
"CAN",,,0x2F,
"CAN",0x000000000000026A,,,
"CAN",,0x000000000000000F,,
"CAN",,,0x7D,
"CAN",,,0xCD,
"CAN",0x0000000000000269,,,
"CAN",,0x0000000000000009,,
"CAN",,,0x66,
"CAN",,,,
"CAN",0x000000000000026A,,,
"CAN",,0x000000000000000F,,
"CAN",,,0x7D,
"CAN",,,0xCD,
"CAN",0x0000000000000269,,,
"CAN",,0x0000000000000009,,
"CAN",,,0x79,
"CAN",,,0x2D,
"CAN",,,0x80,
"CAN",,,0x99,
"CAN",,,0xEF,
"CAN",0x000000000000026A,,,
"CAN",,0x000000000000000F,,
"CAN",,,0x7D,
"CAN",,,0xCD,
"CAN",0x0000000000000269,,,
"CAN",,0x0000000000000009,,
"CAN",,,0x69,
"CAN",,,0x2D,
"CAN",,,0x80,
"CAN",,,0xBF,
"CAN",,,0x5F,
"CAN",0x000000000000026A,,,
"CAN",,0x000000000000000F,,
"CAN",,,0x7D,
"CAN",,,0xCD,
"CAN",0x0000000000000269,,,
"CAN",,0x0000000000000009,,
"CAN",,,0x66,
"CAN",,,0xCD,
"CAN",,,0x80,
"CAN",,,0x97,
"CAN",,,0x2F,
"CAN",0x000000000000026A,,,
"CAN",,0x000000000000000F,,
"CAN",,,0x7D,
"CAN",,,0xCD,
"CAN",0x0000000000000269,,,
"CAN",,0x0000000000000009,,
"CAN",,,0x69,
"CAN",,,0x2D,
"CAN",,,0x80,
"CAN",,,0xBF,
"CAN",,,0x5F,
"CAN",0x000000000000026A,,,
"CAN",,0x000000000000000F,,
"CAN",,,0x7D,
"CAN",,,0xCD,
"CAN",0x0000000000000269,,,
"CAN",,0x0000000000000009,,
"CAN",,,0x66,
"CAN",,,0xCD,
"CAN",,,0x80,
"CAN",,,0x97,
"CAN",,,0x2F,
"CAN",0x000000000000026A,,,
"CAN",,0x000000000000000F,,
"CAN",,,0x7D,
"CAN",,,0xCD,
"CAN",0x0000000000000269,,,
"CAN",,0x0000000000000009,,
"CAN",,,0x66,
"CAN",,,0xCD,
"CAN",,,0x80,
"CAN",,,0x97,
"CAN",,,0x2F,
"CAN",0x000000000000026A,,,
"CAN",,0x000000000000000F,,
"CAN",,,0x7D,
"CAN",,,0xCD,
"CAN",0x0000000000000269,,,
"CAN",,0x0000000000000009,,
"CAN",,,0x66,
"CAN",,,,
"CAN",0x000000000000026A,,,
"CAN",,0x000000000000000F,,
"CAN",,,0x7D,
"CAN",,,0xCD,
"CAN",0x0000000000000269,,,
"CAN",,0x0000000000000009,,
"CAN",,,0x66,
"CAN",,,0xCD,
"CAN",,,0x80,
"CAN",,,0xB8,
"CAN",,,0x6F,
"CAN",,,,
"CAN",0x0000000000000269,,,
"CAN",,0x0000000000000009,,
"CAN",,,0x66,
"CAN",,,0xCD,
"CAN",,,0x80,
"CAN",,,0xB8,
"CAN",,,0x6F,
"CAN",,,,
"CAN",0x0000000000000269,,,
"CAN",,0x000000000000000B,,
"CAN",0x00000000000004D8,,,
"CAN",,0x0000000000000004,,
"CAN",,,0xE8,
"CAN",,,,
"CAN",0x0000000000000269,,,
"CAN",,0x0000000000000009,,
"CAN",,,0x66,
"CAN",,,0xDF,
"CAN",,,,
"CAN",0x000000000000026A,,,
"CAN",,0x000000000000000C,,
"CAN",,,,
"CAN",0x0000000000000269,,,
"CAN",,0x0000000000000009,,
"CAN",,,0x66,
"CAN",,,0xCD,
"CAN",,,0x80,
"CAN",,,0x97,
"CAN",,,0x2F,
"CAN",,,,
"CAN",0x0000000000000269,,,
"CAN",,0x0000000000000009,,
"CAN",,,0x66,
"CAN",,,,
"CAN",0x000000000000026A,,,
"CAN",,0x000000000000000C,,
"CAN",,,,
"CAN",0x0000000000000269,,,
"CAN",,0x0000000000000009,,
"CAN",,,0x66,
"CAN",0x000000000000026A,,,
"CAN",,0x000000000000000D,,
"CAN",,,,
"CAN",0x0000000000000269,,,
"CAN",,0x0000000000000009,,
"CAN",,,0x79,
"CAN",,,0x1F,
"CAN",0x0000000000000100,,,
"CAN",,0x000000000000000F,,
"CAN",0x000000000000026A,,,
"CAN",,0x000000000000000F,,
"CAN",,,,
"CAN",0x0000000000000269,,,
"CAN",,0x0000000000000009,,
"CAN",,,0x66,
"CAN",0x000000000000026A,,,
"CAN",,0x000000000000000F,,
"CAN",,,0x7D,
"CAN",,,0xC5,
"CAN",,,0x5B,
"CAN",,,0x01,
"CAN",0x0000000000000269,,,
"CAN",,0x0000000000000009,,
"CAN",,,0x69,
"CAN",,,0x32,
"CAN",,,0x42,
"CAN",,,0x49,
"CAN",,,0x57,
"CAN",0x000000000000026A,,,
"CAN",,0x000000000000000F,,
"CAN",,,0x7D,
"CAN",,,0xCD,
"CAN",,,0x5B,
"CAN",,,0x01,
"CAN",0x0000000000000269,,,
"CAN",,0x000000000000000B,,
"CAN",,,0x79,
"CAN",,,0x3F,
"CAN",0x000000000000026A,,,
"CAN",,0x000000000000000F,,
"CAN",,,0x7D,
"CAN",,,0xCD,
"CAN",,,0x5B,
"CAN",,,0x24,
"CAN",,,0xBF,
"CAN",0x0000000000000269,,,
"CAN",,0x0000000000000009,,
"CAN",,,0x66,
"CAN",0x000000000000026A,,,
"CAN",,0x000000000000000F,,
"CAN",,,0x7D,
"CAN",,,0xCD,
"CAN",0x0000000000000269,,,
"CAN",,0x0000000000000009,,
"CAN",,,0x69,
"CAN",,,0x32,
"CAN",,,0x42,
"CAN",,,0x5C,
"CAN",,,0x1F,
"CAN",0x000000000000026A,,,
"CAN",,0x000000000000000F,,
"CAN",,,0x7D,
"CAN",,,0xCD,
"CAN",0x0000000000000269,,,
"CAN",,0x0000000000000009,,
"CAN",,,0x69,
"CAN",,,0x32,
"CAN",,,0x42,
"CAN",,,0x49,
"CAN",,,0x57,
"CAN",0x000000000000026A,,,
"CAN",,0x000000000000000F,,
"CAN",,,0x7D,
"CAN",,,0xCD,
"CAN",0x0000000000000269,,,
"CAN",,0x0000000000000009,,
"CAN",,,0x66,
"CAN",,,0xD2,
"CAN",,,0x42,
"CAN",,,0x4A,
"CAN",,,0x9F,
"CAN",0x000000000000026A,,,
"CAN",,0x000000000000000F,,
"CAN",,,0x7D,
"CAN",,,0xCD,
"CAN",0x0000000000000269,,,
"CAN",,0x0000000000000009,,
"CAN",,,0x79,
"CAN",,,0x32,
"CAN",,,0x52,
"CAN",,,0x5F,
"CAN",0x000000000000026A,,,
"CAN",,0x000000000000000F,,
"CAN",,,0x7D,
"CAN",,,0xCD,
"CAN",0x0000000000000269,,,
"CAN",,0x0000000000000009,,
"CAN",,,0x66,
"CAN",,,0xCD,
"CAN",,,0x80,
"CAN",,,0x97,
"CAN",,,0x2F,
"CAN",0x000000000000026A,,,
"CAN",,0x000000000000000F,,
"CAN",,,0x7D,
"CAN",,,0xCD,
"CAN",0x0000000000000269,,,
"CAN",,0x0000000000000009,,
"CAN",,,0x69,
"CAN",,,0x32,
"CAN",,,0x42,
"CAN",,,0x49,
"CAN",,,0x57,
"CAN",0x000000000000026A,,,
"CAN",,0x000000000000000F,,
"CAN",,,0x7D,
"CAN",,,0xCD,
"CAN",0x0000000000000269,,,
"CAN",,0x000000000000000B,,
"CAN",,,0x79,
"CAN",,,0x32,
"CAN",,,0x66,
"CAN",,,0x5C,
"CAN",,,0xD7,
"CAN",0x000000000000026A,,,
"CAN",,0x000000000000000F,,
"CAN",,,0x7D,
"CAN",,,0xCD,
"CAN",0x0000000000000269,,,
"CAN",,0x0000000000000009,,
"CAN",,,0x66,
"CAN",0x000000000000026A,,,
"CAN",,0x000000000000000F,,
"CAN",,,0x7D,
"CAN",,,0xCD,
"CAN",0x0000000000000269,,,
"CAN",,0x0000000000000009,,
"CAN",,,0x66,
"CAN",,,,
"CAN",0x000000000000026A,,,
"CAN",,0x000000000000000F,,
"CAN",,,0x7D,
"CAN",,,0xCD,
"CAN",0x0000000000000269,,,
"CAN",,0x0000000000000009,,
"CAN",,,0x79,
"CAN",,,0x5F,
"CAN",0x000000000000026A,,,
"CAN",,0x000000000000000F,,
"CAN",,,0x7D,
"CAN",,,0xCD,
"CAN",0x0000000000000269,,,
"CAN",,0x0000000000000009,,
"CAN",,,0x79,
"CAN",,,0x1F,
"CAN",0x0000000000000100,,,
"CAN",,0x000000000000000F,,
"CAN",0x000000000000026A,,,
"CAN",,0x000000000000000F,,
"CAN",,,0x7D,
"CAN",,,0xCD,
"CAN",0x0000000000000269,,,
"CAN",,0x0000000000000009,,
"CAN",,,0x69,
"CAN",,,0x2D,
"CAN",,,0x80,
"CAN",,,0xBF,
"CAN",,,0x5F,
"CAN",0x000000000000026A,,,
"CAN",,0x000000000000000F,,
"CAN",,,0x7D,
"CAN",,,0xCD,
"CAN",0x0000000000000269,,,
"CAN",,0x0000000000000009,,
"CAN",,,0x79,
"CAN",,,0x32,
"CAN",,,0x42,
"CAN",,,0x5D,
"CAN",,,0xDF,
"CAN",0x000000000000026A,,,
"CAN",,0x000000000000000F,,
"CAN",,,0x7D,
"CAN",,,0xCD,
"CAN",0x0000000000000269,,,
"CAN",,0x0000000000000009,,
"CAN",,,0x66,
"CAN",,,,
"CAN",0x000000000000026A,,,
"CAN",,0x000000000000000F,,
"CAN",,,0x7D,
"CAN",,,0xCD,
"CAN",0x0000000000000269,,,
"CAN",,0x0000000000000009,,
"CAN",,,0x66,
"CAN",,,,
"CAN",0x000000000000026A,,,
"CAN",,0x000000000000000F,,
"CAN",,,0x7D,
"CAN",,,0xCD,
"CAN",0x0000000000000269,,,
"CAN",,0x0000000000000009,,
"CAN",0x00000000000004D8,,,
"CAN",,0x0000000000000004,,
"CAN",,,0xE8,
"CAN",0x000000000000026A,,,
"CAN",,0x000000000000000F,,
"CAN",,,0x7D,
"CAN",,,0xCD,
"CAN",0x0000000000000269,,,
"CAN",,0x0000000000000009,,
"CAN",,,0x66,
"CAN",0x000000000000026A,,,
"CAN",,0x000000000000000F,,
"CAN",,,0x7D,
"CAN",,,0xCD,
"CAN",0x0000000000000269,,,
"CAN",,0x0000000000000009,,
"CAN",,,0x79,
"CAN",,,0x1F,
"CAN",0x0000000000000100,,,
"CAN",,0x000000000000000F,,
"CAN",0x000000000000026A,,,
"CAN",,0x000000000000000F,,
"CAN",,,0x7D,
"CAN",,,0xCD,
"CAN",0x0000000000000269,,,
"CAN",,0x0000000000000009,,
"CAN",,,0x66,
"CAN",0x000000000000026A,,,
"CAN",,0x000000000000000F,,
"CAN",,,0x7D,
"CAN",,,0xCD,
"CAN",0x0000000000000269,,,
"CAN",,0x0000000000000009,,
"CAN",,,0x66,
"CAN",,,0xD2,
"CAN",,,0x42,
"CAN",,,0x4A,
"CAN",,,0x9F,
"CAN",0x000000000000026A,,,
"CAN",,0x000000000000000F,,
"CAN",,,0x7D,
"CAN",,,0xCD,
"CAN",0x0000000000000269,,,
"CAN",,0x0000000000000009,,
"CAN",,,0x66,
"CAN",,,,
"CAN",0x000000000000026A,,,
"CAN",,0x000000000000000F,,
"CAN",,,0x7D,
"CAN",,,0xCD,
"CAN",0x0000000000000269,,,
"CAN",,0x0000000000000009,,
"CAN",,,0x79,
"CAN",,,0x2D,
"CAN",,,0x80,
"CAN",,,0x98,
"CAN",,,0xEF,
"CAN",0x000000000000026A,,,
"CAN",,0x000000000000000F,,
"CAN",,,0x7D,
"CAN",,,0xCD,
"CAN",0x0000000000000269,,,
"CAN",,0x0000000000000009,,
"CAN",,,0x6F,
"CAN",,,,
"CAN",0x000000000000026A,,,
"CAN",,0x000000000000000F,,
"CAN",,,0x7D,
"CAN",,,0xCD,
"CAN",0x0000000000000269,,,
"CAN",,0x0000000000000009,,
"CAN",,,0x79,
"CAN",,,0x32,
"CAN",,,0x42,
"CAN",,,0x5D,
"CAN",,,0xDF,
"CAN",0x000000000000026A,,,
"CAN",,0x000000000000000F,,
"CAN",,,0x7D,
"CAN",,,0xCD,
"CAN",0x0000000000000269,,,
"CAN",,0x0000000000000009,,
"CAN",,,0x66,
"CAN",,,0xCD,
"CAN",,,0x80,
"CAN",,,0x97,
"CAN",,,0x2F,
"CAN",0x000000000000026A,,,
"CAN",,0x000000000000000F,,
"CAN",,,0x7D,
"CAN",,,0xCD,
"CAN",0x0000000000000269,,,
"CAN",,0x0000000000000009,,
"CAN",,,0x66,
"CAN",,,,
"CAN",0x000000000000026A,,,
"CAN",,0x000000000000000F,,
"CAN",,,0x7D,
"CAN",,,0xCD,
"CAN",0x0000000000000269,,,
"CAN",,0x0000000000000009,,
"CAN",,,0x66,
"CAN",,,,
"CAN",0x000000000000026A,,,
"CAN",,0x000000000000000F,,
"CAN",,,0x7D,
"CAN",,,0xCD,
"CAN",0x0000000000000269,,,
"CAN",,0x0000000000000009,,
"CAN",,,0x66,
"CAN",,,0xD2,
"CAN",,,0x42,
"CAN",,,0x5E,
"CAN",,,0x17,
"CAN",0x000000000000026A,,,
"CAN",,0x000000000000000F,,
"CAN",,,0x7D,
"CAN",,,0xCD,
"CAN",0x0000000000000269,,,
"CAN",,0x0000000000000009,,
"CAN",,,0x66,
"CAN",,,0xDF,
"CAN",,,,
"CAN",0x000000000000026A,,,
"CAN",,0x000000000000000F,,
"CAN",,,0x7D,
"CAN",,,0xCD,
"CAN",0x0000000000000269,,,
"CAN",,0x0000000000000009,,
"CAN",,,0x66,
"CAN",,,0xD2,
"CAN",,,0x42,
"CAN",,,0x4A,
"CAN",,,0x9F,
"CAN",,,,
"CAN",0x0000000000000269,,,
"CAN",,0x0000000000000009,,
"CAN",,,0x79,
"CAN",,,0x2D,
"CAN",,,0x80,
"CAN",,,0xBB,
"CAN",,,0x3F,
